id,domain,status,purchase_price,renewal_price,attractiveness,demand,length,registrar,created_at,expires_at
00079e44-b4c5-4110-96b9-1fd2a2d395e9,sizes.fast,premium,116,118.8,50,5,5,namesilo,,
001a204c-34f3-4412-b0ab-55ede782cdb1,coffeemilk.fast,available,35.98,,80,3,11,namecheap,,
00232f8e-cd68-45b7-b69c-1fadc4440a0d,honeymooning.fast,available,29.49,29.49,82,2,12,namesilo,,
0023d516-e769-4e50-8b50-2992fd8ef6f9,ghosts.fast,premium,116,118.8,48,14,6,namesilo,,
0060a139-4cc5-4db1-984f-ce493c443396,arrests.fast,available,35.98,,46,5,7,namecheap,,
006bd2e1-dd95-4b9f-a196-dba98085b7f8,reflections.fast,premium,62.5,,53,16,11,name.com,,
006c6b48-cb36-4a2d-a279-3dc3a75f6b44,rarer.fast,available,29.49,29.49,52,3,5,namesilo,,
006d3c89-b413-4774-bf64-7b1387d717af,factories.fast,available,29.49,29.49,54,7,9,namesilo,,
007dff10-127d-4f6b-bbd9-3df0128688ac,settledown.fast,available,35.98,,80,2,11,namecheap,,
00b56512-9f82-4787-b0ef-46b97c52bbca,gives.fast,premium,125,,52,12,5,name.com,,
00cac910-a03e-4abe-8404-098f1201aaeb,generating.fast,premium,62.5,,54,6,10,name.com,,
00d03b63-cb07-4d21-93c4-cde49009ddcc,counterfeits.fast,available,29.49,29.49,40,2,12,namesilo,,
00d656fb-ad59-4884-8496-41863f910f1c,Trex.fast,available,35.98,,80,24,5,namecheap,,
00f8e589-25e8-458b-a8a9-6e7e098bc0cd,gonowherefast.fast,available,35.98,,50,1,15,namecheap,,
00ff91fc-3f7e-4244-9115-bd6af0306592,dogwoods.fast,available,29.49,29.49,76,2,8,namesilo,,
01057b4d-e561-4db4-9686-5437ec9d3eb4,criteria.fast,premium,62.5,,88,10,8,name.com,,
014c14d8-5546-4662-9b2e-ee8e8c1726c8,oranything.fast,available,35.98,,44,1,11,namecheap,,
015f42b9-47fd-486c-980c-a0bc8579a2e7,inconclusion.fast,available,35.98,,60,2,13,namecheap,,
0182e5df-6e75-4b0e-9f42-4de46baa12ca,gofar.fast,available,35.98,,76,10,6,namecheap,,
01a45c69-bd14-4359-803b-c6aee3213856,leavemealone.fast,available,35.98,,42,7,14,namecheap,,
01b4fe75-b2f1-4d4e-862f-b406b61786bd,zoomed.fast,available,35.98,,60,5,6,namecheap,,
01baef67-e83e-4a82-8baa-df86681ad60e,nights.fast,premium,62.5,,74,12,6,name.com,,
01cfd40a-f4ea-4975-ac55-d1f4d6640117,VeniceBeach.fast,available,35.98,,56,7,12,namecheap,,
01de3de3-4f1f-40b4-9c09-6b5b9f214676,trumpeted.fast,available,35.98,,53,1,9,namecheap,,
01e22090-5a66-4199-bd68-6f4f075ce2fd,trussbeam.fast,available,35.98,,54,1,10,namecheap,,
01e28a23-db12-4de2-ae89-35b2e2af994e,propranolol.fast,available,29.49,29.49,68,5,11,namesilo,,
01e3560b-a6e8-4f26-8ba8-17882cfc98a3,publicsector.fast,available,35.98,,62,7,13,namecheap,,
01f1a5c0-1be7-4a21-bafd-98adc80aae01,pans.fast,available,35.98,,52,8,4,namecheap,,
01f5e3ef-7f17-4a6d-87e1-e3d95116c7e5,dates.fast,premium,625,,56,15,5,name.com,,
02049e0b-b51b-420f-aac3-ca579913c7bc,ballparkestimation.fast,available,35.98,,60,0,20,namecheap,,
0224e1b8-d3b9-4dc6-80ff-1f14b7d3e571,corrections.fast,premium,62.5,,68,6,11,name.com,,
022d4a0e-d4ec-4448-abb2-d73783d79620,goonrecord.fast,available,35.98,,70,1,12,namecheap,,
0247ce4b-ab18-4ae1-b2cf-3678079c1ded,highschools.fast,available,29.49,29.49,65,4,12,namesilo,,
025352ba-bf6f-4ea9-9e8f-0ed6ebc62acb,highrelief.fast,available,35.98,,71,0,11,namecheap,,
025eb5d1-ca45-4b79-a35e-9be76f279fb9,spheres.fast,available,29.49,29.49,50,10,7,namesilo,,
02a990be-06bf-4440-ace0-3495ecf3c553,godownhill.fast,available,35.98,,68,1,11,namecheap,,
02c58835-0e02-4c34-af89-fb6b3cad51f1,businesses.fast,premium,62.5,,60,12,10,name.com,,
02e352ad-e1ff-4d7b-999a-ead8e855913b,makeoneselfathome.fast,available,35.98,,72,1,20,namecheap,,
02e6f5e0-7ae5-4fbd-89b4-aa19a94d971b,sterilization.fast,available,35.98,,66,3,13,namecheap,,
02e97388-de6a-419f-83df-c61f9ff987f4,wonders.fast,available,35.98,,62,16,7,namecheap,,
02ec3152-7f15-4525-947e-ec24939326bd,surveys.fast,premium,62.5,,56,15,7,name.com,,
02f115ff-8f28-46c6-954d-4d5e1e210214,pincushions.fast,available,29.49,29.49,52,1,11,namesilo,,
02ffa0d9-8218-4bfa-9064-0324d5d6b3d4,motorvehicles.fast,available,29.49,29.49,42,1,14,namesilo,,
0326b7e4-c4d0-4569-9e7c-773229e52ec7,motorrace.fast,available,29.49,29.49,56,2,10,namesilo,,
035f1097-e4bb-409a-8b26-e561486b96bd,messages.fast,premium,53.92,53.92,80,16,8,namesilo,,
039104fd-e826-478a-a096-a08ec48bd797,techsupport.fast,available,35.98,,76,18,12,namecheap,,
03c81bed-b1ee-4d23-9f1d-b566a0758227,grams.fast,premium,125,,70,12,5,name.com,,
03e55dfc-1b35-4a67-a587-4bec75efbb1b,runwith.fast,available,35.98,,70,5,8,namecheap,,
03e7fe1f-ca0c-4aab-a42b-195a38f29bf4,thieves.fast,available,35.98,,45,8,7,namecheap,,
03e86dda-aeed-4ae4-a0a2-5fbfada5042f,tospare.fast,available,35.98,,54,0,8,namecheap,,
03eb2280-9f82-4526-9f88-6dc44ae4da5f,traded.fast,available,35.98,,52,6,6,namecheap,,
03ee928f-b016-43e2-bfef-296e7f7b16d2,inorderfor.fast,available,35.98,,60,0,12,namecheap,,
0422ab82-387d-4936-80bc-4b70acabd0dc,backsomersault.fast,available,35.98,,50,1,15,namecheap,,
042775f7-09fd-4e05-9917-5b13c46184d7,teams.fast,premium,125,,62,32,5,name.com,,
0428db66-2580-495a-9963-b62397fc919e,cans.fast,available,29.49,29.49,56,10,4,namesilo,,
04527bf4-48be-4b7d-bab6-c00b1715287e,thewholeshop.fast,available,35.98,,42,1,14,namecheap,,
04543c3b-2cb4-4644-91a6-b99093f21eea,changeover.fast,available,35.98,,68,5,11,namecheap,,
04549f94-5357-4ed1-8297-ee74be5823eb,likeitorleaveit.fast,available,35.98,,44,2,19,namecheap,,
045ae937-7da0-49f8-b45e-24214fb6577e,fasttracking.fast,available,29.49,29.49,48,3,13,namesilo,,
045b52f5-c5cb-45a6-9f7d-0e20f27a0246,ingredients.fast,premium,62.5,,56,14,11,name.com,,
046041ac-c482-4565-ac0c-7aa56543fc9f,goingaway.fast,available,35.98,,54,1,10,namecheap,,
04abf42b-6f1b-497f-8416-6db013db4cd0,laptops.fast,premium,53.92,53.92,56,8,7,namesilo,,
04eb10eb-6671-4fb7-b9aa-60fe2f024af2,backtaxes.fast,available,35.98,,62,3,10,namecheap,,
04f79b7f-5c4b-446e-ad3d-8beb15c57aaa,Icouldeatahorse.fast,available,35.98,,50,1,19,namecheap,,
0505efc7-c38d-4d01-8c7c-cd98b6315388,goplaces.fast,available,29.49,29.49,74,5,9,namesilo,,
050b1b19-0f30-4e4c-9467-2c8ad9f90910,makesomenoise.fast,available,35.98,,70,5,15,namecheap,,
050f4946-731d-436b-a8c1-56f243465f8b,sawoff.fast,available,35.98,,60,1,7,namecheap,,
052ca814-556d-4d3f-a824-cb148f2c02e9,congregational.fast,available,35.98,,56,2,14,namecheap,,
05319d25-adac-4ecf-b369-72863b878cb7,ballplaying.fast,available,35.98,,70,1,12,namecheap,,
0542461f-5d1c-4c2f-85d8-d830e131e5cf,coffeebush.fast,available,35.98,,80,1,11,namecheap,,
05492607-e90f-4383-bdf2-99e30e5d0e39,cups.fast,premium,312.5,,60,12,4,name.com,,
056ee34a-089f-4375-9a81-a6956b0e968f,orders.fast,premium,62.5,,60,19,6,name.com,,
05702c32-fa1c-49fe-a6fa-51c85ef7c142,meals.fast,premium,125,,68,15,5,name.com,,
057b4915-e648-483e-bba9-6754f9591f11,hookedup.fast,available,35.98,,56,6,9,namecheap,,
057fc37e-1c5a-4687-869d-193e9a1a67c9,newsfeature.fast,available,35.98,,50,1,12,namecheap,,
058febbc-46ce-43ef-ad5a-2bd9223f1da5,refreshment.fast,available,35.98,,74,4,11,namecheap,,
0592e003-73c5-4efb-9ec2-b83644082fec,pictorials.fast,available,29.49,29.49,56,2,10,namesilo,,
059b1b91-76ed-4dbd-9e6b-21a41e54f77a,estateduty.fast,available,35.98,,50,1,11,namecheap,,
05b7ee85-4967-4d8d-b106-f56ad9d02a9c,brands.fast,premium,62.5,,62,28,6,name.com,,
05f0ed46-f02f-40b8-9a9f-cacda433192a,contacts.fast,premium,53.92,53.92,54,20,8,namesilo,,
06087443-1d12-46c7-9941-8b82a40b0e76,spaces.fast,premium,62.5,,54,30,6,name.com,,
06178d13-a09d-4df2-9b39-fa19f5686667,travelers.fast,premium,53.92,53.92,58,61,9,namesilo,,
06284e2f-0af0-44ff-ad9a-589fa607a2fa,keepfit.fast,available,35.98,,86,9,8,namecheap,,
068d97ff-723c-4559-8df0-82eda940227a,Iswear.fast,available,35.98,,58,2,7,namecheap,,
0693c3a4-3588-450d-b90e-8fa8e5e48fa6,televised.fast,available,29.49,29.49,72,3,9,namesilo,,
06a43658-88a9-40db-a626-bb49feb9f3ad,keeptrackof.fast,available,35.98,,48,1,13,namecheap,,
06bdee78-d6d0-4def-b36a-be3a9ca6ddc4,exclaimed.fast,available,35.98,,50,2,9,namecheap,,
06cf9209-7d1a-4671-98e5-33044d37c2b3,chairs.fast,premium,62.5,,54,11,6,name.com,,
06df64b6-ddac-4a0d-a06b-34a471ce4c92,turnovers.fast,available,29.49,29.49,50,2,9,namesilo,,
0717d830-0ba7-4ad1-9182-f8c66e2ac2e8,businessstudies.fast,available,35.98,,70,2,16,namecheap,,
072645f0-0adb-4c4f-ad14-0828c64ebe8c,DistrictofColumbia.fast,available,35.98,,52,4,20,namecheap,,
073f46c0-7088-49fb-b6d3-9da47e1c2b85,golong.fast,available,35.98,,74,6,7,namecheap,,
074cbf1e-d1ca-48ef-ae24-0fc1928dcc85,fellowmelad.fast,available,35.98,,62,1,13,namecheap,,
075713f0-783b-446b-896a-6e7a5e3cd21d,ifpossible.fast,available,35.98,,64,1,11,namecheap,,
0763beb0-6f00-4acf-a9c5-6a02fdbcd02a,comeintoplay.fast,available,35.98,,70,1,14,namecheap,,
076882af-a970-417b-85d5-245f73240587,Frenchthyme.fast,available,35.98,,74,1,12,namecheap,,
078e0726-d653-4b23-9c19-b16330333d69,onetrickpony.fast,available,35.98,,56,6,14,namecheap,,
07a5c660-f814-4683-803d-9efc0ca8544f,rubbed.fast,available,35.98,,62,2,6,namecheap,,
07b33295-c0bd-4d3f-b747-f6f6c869fc0b,closets.fast,available,35.98,,56,10,7,namecheap,,
07bf7773-f3f7-4aca-a608-03e414bdbead,officedoor.fast,available,35.98,,55,1,11,namecheap,,
07d2ad11-a9d2-4218-b534-3246915b031d,mistakenidentity.fast,available,35.98,,52,2,17,namecheap,,
07ec82af-9833-4454-a473-d82f9c2cb4a3,mostoften.fast,available,35.98,,56,0,10,namecheap,,
08192836-5c4b-48b9-a706-41462ee8f665,barbecuesauce.fast,available,35.98,,76,2,14,namecheap,,
08293a3e-9aff-476e-a487-2ac107bddb5e,surebet.fast,available,35.98,,82,8,8,namecheap,,
08405d17-ca95-4afa-82a8-06dbb906d5ca,recommending.fast,available,29.49,29.49,58,3,12,namesilo,,
0854ba42-3816-4222-929a-d232ac2cf8e8,liberties.fast,available,35.98,,56,6,9,namecheap,,
087d1634-e2ad-4089-bb97-370c81928783,yards.fast,premium,125,,66,9,5,name.com,,
0899afb7-e207-4cf5-8aa6-583b92f2e38f,pairofstairs.fast,available,35.98,,65,1,14,namecheap,,
08a91292-94ea-4d80-ad55-3db640cbc99b,cams.fast,premium,1107,1107,52,29,4,namesilo,,
08b88792-5d78-4a33-94e9-a304dd4b3b56,commontime.fast,available,35.98,,68,4,11,namecheap,,
08be9684-b976-4f31-bac3-4b168d1fffb9,comeup.fast,available,35.98,,74,5,7,namecheap,,
08da6b0a-9f72-489c-a012-be84a98a09ba,smartest.fast,available,29.49,29.49,64,20,8,namesilo,,
08da8ea4-a6b0-4d64-9a20-39761db0a19d,getphysical.fast,available,35.98,,80,1,12,namecheap,,
08e1352d-be1c-4f5e-b241-eed90d623182,inthisinstance.fast,available,35.98,,44,1,16,namecheap,,
08ef7006-932a-49a3-be56-90c31eb3b102,coffeeroyal.fast,available,35.98,,80,1,12,namecheap,,
09899525-792b-4beb-a66b-4f3d2be4f6e8,flashdrives.fast,available,29.49,29.49,62,2,12,namesilo,,
098a120b-5b34-4efe-8b18-de1ce274a029,prefers.fast,premium,53.92,53.92,52,3,7,namesilo,,
0998715a-4216-4a19-8f94-2c0020a4ce8c,havetheblues.fast,available,35.98,,58,1,14,namecheap,,
09a0cd0e-423d-4706-a2c5-9400cdd9a7c8,toboggans.fast,available,35.98,,59,1,9,namecheap,,
09a1357e-a8d1-48fc-aef5-eef264f72263,havethebestofit.fast,available,35.98,,68,1,19,namecheap,,
09a9bdac-d55a-4b34-bbb6-6d5bb81992d0,movein.fast,available,35.98,,70,9,7,namecheap,,
09bc80e0-140e-4585-9416-1c3815e93df6,plusses.fast,available,29.49,29.49,56,1,7,namesilo,,
09c3c50e-0feb-470e-8a94-a8346a67f7f4,walktheline.fast,available,35.98,,68,3,13,namecheap,,
09c4a220-51fc-4f81-a92c-ef83029ae9ff,stoppers.fast,available,29.49,29.49,52,3,8,namesilo,,
09cc53a9-3d37-4c2c-b073-e4484602b8ac,comeunder.fast,available,35.98,,70,1,10,namecheap,,
09d1e2ef-886c-42a8-81b5-23d65954db7e,FabFour.fast,available,29.49,29.49,82,3,8,namesilo,,
09d8ac88-8229-4e2e-8761-5145da1f686d,IsleofThanet.fast,available,35.98,,52,2,14,namecheap,,
09e6370c-daca-49f0-8f96-2a54ff1cbedc,signover.fast,available,35.98,,69,1,9,namecheap,,
09eefe32-5efd-43fe-853d-d6aca8543728,introducing.fast,premium,62.5,,58,8,11,name.com,,
09f65bcf-3e6e-44c4-87d0-427dc6f7b4ef,sparkles.fast,available,35.98,,62,15,8,namecheap,,
09fe6f63-d34d-4fad-accc-0f6e509f5eb8,makethefinalcut.fast,available,35.98,,50,1,18,namecheap,,
0a2e915c-79ae-4e25-933c-303cadc40b2f,makeupremover.fast,available,35.98,,70,2,14,namecheap,,
0a30baa1-e163-459c-a00d-1f4f7e23be9d,ventilators.fast,available,29.49,29.49,48,4,11,namesilo,,
0a4b5e39-d220-4567-9652-356a7b558c29,neighbourhood.fast,available,35.98,,70,14,13,namecheap,,
0a75e297-f3f0-4d05-a6c9-83cc72cb716b,cheesecakes.fast,available,29.49,29.49,60,4,11,namesilo,,
0a848977-c792-4a5d-962a-e7c175d7f198,flashflooding.fast,available,35.98,,52,0,14,namecheap,,
0a93cb9a-54bc-4a3a-861e-9a58e9ec0f20,hotels.fast,premium,3125,,64,82,6,name.com,,
0a9a0372-3f5f-4250-b45f-1ce175c7c634,justifications.fast,available,29.49,29.49,44,1,14,namesilo,,
0aa6075a-deeb-4d7b-8319-897dde04849c,asusual.fast,available,35.98,,58,3,8,namecheap,,
0ac2b0e6-e4a1-4e50-8b25-0d1da10d980b,justyouwait.fast,available,35.98,,46,1,13,namecheap,,
0ada238d-257e-4b7f-bca7-60f37a016304,checksandbalances.fast,available,29.49,29.49,66,3,19,namesilo,,
0ae7c0f3-1424-4225-87ed-0f0a5d4ed95a,pictures.fast,premium,625,,82,17,8,name.com,,
0b0632a4-6250-4e4f-9116-d71f2746fff8,gooverboard.fast,available,35.98,,64,1,12,namecheap,,
0b0c7085-fb34-4763-8cfe-3677b9529db8,opts.fast,available,35.98,,54,8,4,namecheap,,
0b0d2c64-6122-4ddd-a517-cd9bde317cd5,fitinto.fast,available,35.98,,84,2,8,namecheap,,
0b134931-c463-4d8c-bee8-18c783621a06,keeptogether.fast,available,35.98,,68,1,13,namecheap,,
0b22e35e-10fc-4abf-a1c5-d5c287a8c7c1,porkribs.fast,available,35.98,,55,1,9,namecheap,,
0b261b03-086d-4637-9c66-d41c31f6e0e9,onestepahead.fast,available,35.98,,58,4,14,namecheap,,
0b472b1b-1924-42af-92e6-137dc674e9a0,woes.fast,available,29.49,29.49,46,4,4,namesilo,,
0bbd546f-024a-4932-a52f-ab689fb1d9c3,Ihaveasthma.fast,available,35.98,,50,1,13,namecheap,,
0bd8c0b4-f7dc-4b79-8925-8aefb537b903,letup.fast,available,35.98,,74,3,6,namecheap,,
0bfaeb35-67a1-48e8-af4f-98409dbb5232,refusing.fast,available,35.98,,40,3,8,namecheap,,
0c1ecc87-bca9-4cec-abb6-63775406c822,chalkboards.fast,available,29.49,29.49,52,2,11,namesilo,,
0c28db94-7af0-466f-9c89-7a7dce60f361,publictransit.fast,available,35.98,,66,3,14,namecheap,,
0c4a5bec-99c6-4294-81df-6274bc1e5dbb,gettheidea.fast,available,35.98,,79,0,12,namecheap,,
0c4a68cf-6279-4654-b147-be70c9ba78fb,servants.fast,available,35.98,,54,4,8,namecheap,,
0c4c9ffa-8df2-4068-a586-e056b207ce5f,instep.fast,premium,62.5,,72,7,7,name.com,,
0c50a08e-1809-459a-a7b9-9493aee1fe29,costbenefit.fast,available,35.98,,52,3,12,namecheap,,
0c54a1d7-e720-41d8-b2de-4ddddab48cb6,moulds.fast,available,35.98,,52,5,6,namecheap,,
0c72c314-b1a4-48a2-9076-e114941fff27,straws.fast,available,29.49,29.49,54,6,6,namesilo,,
0c8e462d-4508-46ef-af9e-0cfe9319050d,soups.fast,available,29.49,29.49,56,6,5,namesilo,,
0cb0685c-0f1e-47a7-a404-c3f3ae774cc7,centres.fast,premium,53.92,53.92,53,4,7,namesilo,,
0cb9d03d-2e00-455b-bf2b-213f0f0a5b18,justthesame.fast,available,35.98,,46,1,13,namecheap,,
0cc4e7e7-b64f-462e-b8fc-f3bdd17704b4,smashandgrab.fast,available,35.98,,48,2,14,namecheap,,
0cdb4b43-0c5e-45c9-9e46-35dc472787b3,landedestate.fast,available,35.98,,42,1,13,namecheap,,
0ce0f744-6cd6-4a08-b279-f82cecce6988,tapwater.fast,available,35.98,,71,7,9,namecheap,,
0cee8310-c8d2-4aeb-bd88-e62b49083614,lets.fast,premium,312.5,,77,39,4,name.com,,
0cf8c260-b3d4-4e93-a3ed-f040bdebf0fd,CountyofLanark.fast,available,29.49,29.49,42,1,16,namesilo,,
0d0eb0ec-9a40-40e3-b043-562b6a8f863e,mostwanted.fast,available,35.98,,54,10,11,namecheap,,
0d2ac732-d13a-4c4c-8e14-b1349a62ae8e,counts.fast,premium,62.5,,76,8,6,name.com,,
0d2e3d1e-7b90-43dd-8916-058c72c68543,uptoanything.fast,available,35.98,,52,1,14,namecheap,,
0d30a2f8-7e5e-4cf1-9966-01960e873d9d,comeonover.fast,available,35.98,,78,2,12,namecheap,,
0d473f4a-332b-469d-8495-628e35a067bd,Cheddarcheese.fast,available,35.98,,66,2,14,namecheap,,
0d4d3f96-eb8a-4007-9a1c-c5fc7b7bd1b7,godown.fast,available,35.98,,74,5,7,namecheap,,
0d739ef5-a71c-4e8c-9a04-5b7d6f9d0df2,filingfees.fast,available,29.49,29.49,46,1,11,namesilo,,
0d73d535-3568-45dd-863a-557c4e464c11,joints.fast,available,29.49,29.49,48,8,6,namesilo,,
0d9292b8-277e-4b0d-a58f-7875c3e771b4,comedies.fast,premium,116,118.8,56,3,8,namesilo,,
0d9983a6-5bc8-4b3c-aa93-9e5128ee70bb,populations.fast,premium,62.5,,50,4,11,name.com,,
0d9cd4a3-67ad-4e24-a119-f1c4a343e398,ounces.fast,available,35.98,,47,4,6,namecheap,,
0dc5b05f-8801-43cb-9841-4ab89cc9fbe1,birches.fast,available,29.49,29.49,57,4,7,namesilo,,
0dd8e1fd-db70-44a4-ba68-c9eeaa0e6f21,ambled.fast,available,29.49,29.49,58,2,6,namesilo,,
0de4d227-f8ff-4cfe-a1ec-0494d4efbf7b,highpolitics.fast,available,35.98,,62,0,13,namecheap,,
0df08a9d-eb1e-4523-9255-41ea562019c1,leton.fast,available,35.98,,76,5,6,namecheap,,
0df1ef2d-dba2-45bd-b26e-070e0257e032,practices.fast,premium,62.5,,52,6,9,name.com,,
0e182937-2f24-4920-a758-2131fac6a96a,letoffthehook.fast,available,35.98,,53,0,16,namecheap,,
0e18fc09-5de9-4ac1-b7fb-256b3cdb5917,haveityourway.fast,available,35.98,,56,6,16,namecheap,,
0e1989a3-cb71-4287-a048-e66ad859e575,thenandthere.fast,available,35.98,,54,2,14,namecheap,,
0e2d3cd6-51f0-45f1-9dd6-ee62d674303e,getiton.fast,available,35.98,,84,3,9,namecheap,,
0e3272a4-c78f-4997-a429-2e2244b0f99e,geton.fast,available,35.98,,82,10,6,namecheap,,
0e37ad99-a90b-4b2b-b7cf-f9d34c0ead49,SuezCanal.fast,available,35.98,,58,3,10,namecheap,,
0e3d29d2-7be5-457e-87a6-363a11640bdc,samples.fast,premium,62.5,,60,12,7,name.com,,
0e4c15ce-84b6-4b7f-bd0f-6411d7acd020,generallyspeaking.fast,available,35.98,,58,2,18,namecheap,,
0e6728e6-f67c-441b-b8dc-88987dcc7e85,comeondown.fast,available,35.98,,76,1,12,namecheap,,
0e703f8b-8a06-4974-b88d-e8e6217c6cb9,chickenfriedsteak.fast,available,35.98,,72,1,19,namecheap,,
0e7dc927-38e8-497e-8cb9-4a20ec7344a6,wafers.fast,available,29.49,29.49,54,4,6,namesilo,,
0e99f946-6f60-4ac4-9abb-3ab712b7907c,movefurniture.fast,available,35.98,,68,1,14,namecheap,,
0e9bccd9-50b7-4827-bd72-8bfd201bc059,keepwatch.fast,available,35.98,,70,5,10,namecheap,,
0ec14764-8b31-4b44-82c3-a11536030d34,contemplating.fast,available,35.98,,42,3,13,namecheap,,
0ed3b3c8-6848-42ee-b4a7-cf839da51803,elephants.fast,available,35.98,,68,9,9,namecheap,,
0edd6cd8-4037-4772-a29e-336005dea8de,holdingtheman.fast,available,35.98,,42,1,15,namecheap,,
0ef3af22-a4ea-4e8e-832d-fe7534dddf53,manyhappies.fast,available,35.98,,72,1,12,namecheap,,
0f174201-6fc5-4f2f-9079-2940aad6b834,getthebestof.fast,available,35.98,,69,2,15,namecheap,,
0f22e10a-defa-4a89-a803-b49563a06c24,retailbanking.fast,available,35.98,,59,3,14,namecheap,,
0f4eb7f2-ff1c-41f7-a22f-c3d34b99820a,withintent.fast,available,35.98,,54,6,11,namecheap,,
0f712828-24ee-4d63-b44b-73ecfa686b5d,twentyeight.fast,available,35.98,,65,8,12,namecheap,,
0fadbed5-2b98-43d3-9c92-fb2e177ec070,counterattack.fast,available,35.98,,64,3,14,namecheap,,
0fc38849-b636-42d2-af01-d57594cc1154,instyle.fast,available,35.98,,78,12,8,namecheap,,
0fe0e788-fe00-4348-ae53-55e21b11354c,haveyoueaten.fast,available,35.98,,44,2,14,namecheap,,
105f2620-e236-4463-9dab-fcdaa011cec7,overdressed.fast,available,35.98,,64,3,12,namecheap,,
107b6f50-23f3-4760-9a3d-199f6682eace,thefixisin.fast,available,35.98,,38,1,13,namecheap,,
1087472b-3d02-46ec-be62-6d75a4403408,privatestock.fast,available,35.98,,64,5,13,namecheap,,
1090c886-af42-45ab-91a6-69ae5d8e048d,lordsandladies.fast,available,35.98,,68,2,16,namecheap,,
10bb51f9-e003-4327-91e1-55d8ac490137,regionalism.fast,available,35.98,,64,1,11,namecheap,,
10ec6a44-1bf6-44a4-a9a8-1e012fbd323d,inthesameboat.fast,available,35.98,,48,2,16,namecheap,,
1102b9e1-8905-4047-b61e-61d941166b26,landedproperty.fast,available,35.98,,42,1,15,namecheap,,
11155c86-fa75-4653-a2bc-87cebd66734f,ovens.fast,premium,116,118.8,55,6,5,namesilo,,
1128a679-892a-43e5-9885-d8384d4765a1,referees.fast,available,29.49,29.49,55,4,8,namesilo,,
113b7742-f0b3-4f53-9bcd-e69e5485f033,possesses.fast,available,35.98,,48,1,9,namecheap,,
11668c92-5896-4206-921f-b8e1de67bb75,getthroughto.fast,available,35.98,,49,1,14,namecheap,,
116a5c5a-c3e5-4a6a-bad6-ba2ccaf4d4bf,dryers.fast,available,29.49,29.49,54,5,6,namesilo,,
1171a1bf-563f-4f42-9a42-1b62291852eb,doup.fast,available,29.49,29.49,70,5,5,namesilo,,
117c83f2-ae22-4e4e-b90e-b1125839423a,enterthelists.fast,available,35.98,,62,0,15,namecheap,,
11816fb7-1ffc-48d0-bf57-5ca66d5f0646,doctors.fast,premium,62.5,,56,26,7,name.com,,
118af8fe-c504-4302-9f3a-be11c8dc32e0,commonmeter.fast,available,35.98,,68,1,12,namecheap,,
11b5d69e-6bde-4b7f-a0a2-e9f5f8767700,worded.fast,available,35.98,,53,4,6,namecheap,,
12067701-6aba-43fd-89bf-4be52cf79002,CocaCola.fast,available,35.98,,92,82,9,namecheap,,
120a2556-f10a-4aad-96b8-011674e07c36,creditors.fast,available,35.98,,50,5,9,namecheap,,
120fac4b-5148-447e-80c7-14678b846cce,types.fast,premium,125,,54,14,5,name.com,,
124e6c3d-4ed9-49d3-a561-0a9f0644e241,riders.fast,premium,53.92,53.92,60,14,6,namesilo,,
1264b71d-a79a-4764-985e-d8d41eb1f43c,aunts.fast,available,35.98,,54,2,5,namecheap,,
1272b6c3-57a3-44d6-92f4-a511cba94abb,lorditup.fast,available,35.98,,52,1,10,namecheap,,
129b5c2e-9d13-4479-8ac8-d3ba907b5fa9,semifinal.fast,available,35.98,,72,2,10,namecheap,,
129f87c7-6132-4fb3-8ba7-3c49bc1d57ca,howlout.fast,available,35.98,,70,1,8,namecheap,,
12a17cf0-7121-4488-8f50-6fa4997d3d5e,Ipop.fast,available,35.98,,76,9,5,namecheap,,
12a31d0a-e612-4564-9dff-2a7dbbb843c5,GreatBarrierReef.fast,available,35.98,,64,4,18,namecheap,,
12b7b64e-41c6-4953-bc00-f04955917a0d,havenot.fast,available,29.49,29.49,66,4,8,namesilo,,
131bf2f1-8624-4d54-af00-882de98c981b,filetype.fast,available,35.98,,64,3,9,namecheap,,
132a3266-22a9-4cd0-b459-ac15688653c4,overwhelmed.fast,available,35.98,,48,5,11,namecheap,,
132da84a-588e-4ad6-af27-43e99f0dbf44,stepup.fast,available,35.98,,78,19,7,namecheap,,
13301e02-2887-48ef-95e2-0908a6f306e3,gettothebottomof.fast,available,35.98,,66,1,20,namecheap,,
1330dd60-d87d-41d5-ae1e-cd2825f0eb69,signout.fast,available,35.98,,75,4,8,namecheap,,
133e108e-dc8e-44ba-80f1-5e30f03feb9b,Williamson.fast,premium,140,138.6,60,13,10,namecheap,,
1355a7c3-a123-4daf-ac93-6e3cdc16ca02,shows.fast,premium,625,,66,16,5,name.com,,
135c78d0-1c04-48a8-b7a2-dae114569850,railways.fast,available,29.49,29.49,51,6,8,namesilo,,
137648f8-ebae-48a2-a426-88b3e3f14a4f,papered.fast,available,29.49,29.49,50,3,7,namesilo,,
13833cb5-b772-4d84-9d91-194ffe55c725,carryover.fast,available,35.98,,70,2,10,namecheap,,
13c2e679-8eac-4d72-be5d-596312c330d6,setthestage.fast,available,35.98,,66,3,13,namecheap,,
13d788e2-9ce1-471d-a177-2edc475f5f27,getoutof.fast,available,35.98,,79,2,10,namecheap,,
13e011b6-701a-403e-9200-1e0c6609e5c7,highprofile.fast,available,35.98,,70,4,12,namecheap,,
13ec5f27-094a-4071-9048-7d1a6888aad4,believeitornot.fast,available,35.98,,54,3,17,namecheap,,
1400d100-b74b-4dfe-9b2d-b71673a24d83,libraries.fast,premium,53.92,53.92,58,11,9,namesilo,,
142b0ed1-8fe8-4873-bde9-4f128a95410a,icons.fast,premium,125,,68,19,5,name.com,,
14346aee-809d-4c14-89ab-abc0b9aded74,herbsandspices.fast,available,35.98,,54,3,16,namecheap,,
1447a56b-a567-427c-ba44-5329f1050e6a,droppingoff.fast,available,29.49,29.49,52,1,12,namesilo,,
1473b23e-f9d3-49a0-8037-240569bc6756,slipdress.fast,available,35.98,,76,1,10,namecheap,,
14781cfe-7f5a-4ba6-8355-75d4ef05ea6d,clipart.fast,available,35.98,,74,8,8,namecheap,,
1479f359-ab25-470e-9a58-2c0c16b5c7d8,backgrounds.fast,premium,53.92,53.92,50,5,11,namesilo,,
148e998a-6fad-46ab-b062-dcf7e7b87c96,Allie.fast,premium,140,138.6,72,21,5,namecheap,,
14b1d83b-5cb5-41b4-a42d-a37d8f11a4f4,tryon.fast,available,35.98,,77,13,6,namecheap,,
14bccf6f-bce5-4488-889b-8faba3dba298,resorted.fast,available,29.49,29.49,50,1,8,namesilo,,
14c210a8-ebd6-40b1-958d-4a4ab75ef1cd,moveit.fast,available,35.98,,77,13,7,namecheap,,
14ccd9ed-2577-4092-b32a-028bd75e6b9f,exclaims.fast,available,29.49,29.49,50,1,8,namesilo,,
1505e39a-9741-450d-b70d-07d471cc677d,makenews.fast,available,35.98,,80,1,9,namecheap,,
15120e14-f92f-4fe5-91d1-d3d58ff16493,havetheupperhand.fast,available,35.98,,46,1,19,namecheap,,
153a906e-5540-4035-bd58-9ade41fb0c5f,happiest.fast,available,35.98,,64,10,8,namecheap,,
1542e922-db61-4082-b34a-b0b5ed8e33cf,newsstand.fast,premium,625,,52,5,10,name.com,,
154f3a12-f43f-4d74-b2a7-50ee2e38fb25,letrip.fast,available,35.98,,75,2,7,namecheap,,
1556e5dc-fef2-4954-a063-0f4263b1494e,perks.fast,available,35.98,,62,19,5,namecheap,,
155a40f9-9394-4994-97a9-2cb1736f6608,gears.fast,available,35.98,,54,12,5,namecheap,,
159449b4-6e26-4aea-989a-2d240c245d52,ladiesandgentlemen.fast,available,35.98,,70,3,20,namecheap,,
15a882d4-d893-42a0-871a-aa60cfd14ece,plateglass.fast,available,35.98,,60,1,11,namecheap,,
15af6ac9-b1a9-4a77-8a73-f2d97ad68f04,warned.fast,premium,62.5,,54,4,6,name.com,,
15b4ef93-ee07-406e-8739-2cb818ee8cec,tasked.fast,available,35.98,,53,6,6,namecheap,,
15b75261-e848-4e45-afa1-ab398a6ab833,propagates.fast,available,29.49,29.49,49,1,10,namesilo,,
15bf4c23-b4db-4537-bc2b-a5da38fe9971,geartowards.fast,available,35.98,,70,0,12,namecheap,,
15bf8a2d-1118-4970-929f-90dabad37bbc,buttercups.fast,available,35.98,,68,4,10,namecheap,,
15ce8c68-019a-4b17-9d43-b41ce55d9451,feeltheburn.fast,available,35.98,,76,2,13,namecheap,,
15d44776-7e1a-45a8-b5b8-f190e9ce454e,deepbreathing.fast,available,35.98,,74,2,14,namecheap,,
15ea9a20-4648-4f1c-a40c-1ff482d5b23a,keepunder.fast,available,35.98,,66,1,10,namecheap,,
160922fe-5211-4861-bc75-c6698c9455f8,overs.fast,available,29.49,29.49,49,6,5,namesilo,,
162a1fdc-5a96-4b2b-b1b8-f59b385906a6,shells.fast,available,29.49,29.49,58,9,6,namesilo,,
163846ba-84fb-4b3b-a0bc-10858ce2fc48,comeround.fast,available,35.98,,76,1,10,namecheap,,
1664a97c-be56-4fd8-bbaa-37cc66f8333d,macaronicheese.fast,available,35.98,,72,1,15,namecheap,,
167f6b2b-3469-46a9-b4fa-b15da4aa6f88,ladies.fast,premium,62.5,,80,17,6,name.com,,
16998d6c-155d-4dda-96d9-ca7606d13156,coffeeberry.fast,available,35.98,,80,4,12,namecheap,,
169cc362-49c4-4f3a-9151-767490d171cf,chickenliver.fast,available,35.98,,64,1,13,namecheap,,
16d8e31a-400a-41fa-982c-b7c97ad571d6,fundamentalscience.fast,available,35.98,,66,2,19,namecheap,,
16ecd0e0-f025-4867-8c38-31f95e2a1fb3,cometotermswith.fast,available,35.98,,66,1,18,namecheap,,
16fe60ec-1d7c-496d-a616-55f89c23dd23,alternatively.fast,premium,62.5,,58,9,13,name.com,,
170add82-bdaa-4434-a2a6-7f2d11ac6f85,calendars.fast,premium,625,,50,13,9,name.com,,
1710a29f-bf37-4066-8701-dc5c3393e6bf,makeof.fast,available,35.98,,76,1,7,namecheap,,
17208c9b-32d9-46b6-83d7-0b9789772422,ushered.fast,available,35.98,,54,1,7,namecheap,,
17344814-af68-4726-8da6-d0cdcba47654,solarpower.fast,available,35.98,,84,15,11,namecheap,,
17358c1e-8fb5-4d31-935c-a7ee42cfa924,sitaround.fast,available,35.98,,66,1,10,namecheap,,
17519088-fe77-4238-9e38-640763ac0ef7,keepthefaith.fast,available,35.98,,70,4,14,namecheap,,
17662a76-06a2-4793-99ba-a7328ec969f1,phases.fast,premium,62.5,,54,10,6,name.com,,
17ba1580-b5e3-4660-9a06-963c1890df29,makefriendly.fast,available,35.98,,72,1,13,namecheap,,
17c244c6-d449-401e-935a-24eb2dee8bfe,porkroast.fast,available,35.98,,59,0,10,namecheap,,
17c6350a-6728-40d5-8d65-16f0ba32eb39,rivals.fast,available,29.49,29.49,48,20,6,namesilo,,
17e24025-6aa3-4657-8664-a45ae2ff5d0b,poreover.fast,available,35.98,,62,1,9,namecheap,,
17feeb34-9b8f-4784-8ab4-f13c63bdf9a4,cometorest.fast,available,35.98,,70,1,12,namecheap,,
17ff6c58-a17b-4507-91d7-a315e3ea8e6f,keepthepace.fast,available,35.98,,66,1,13,namecheap,,
1825f482-800e-4e86-86a7-84966d5071cf,generalrank.fast,available,35.98,,50,1,12,namecheap,,
1842f843-e762-495a-9d5f-24c9cb090c01,blocks.fast,premium,62.5,,53,29,6,name.com,,
185b60df-873a-491e-84a2-95af67fe274f,Germanpotatosalad.fast,available,29.49,29.49,56,1,19,namesilo,,
1862c1c6-c23f-46de-8623-7e96bf98ec79,coffeedout.fast,available,35.98,,76,1,11,namecheap,,
1878c00d-8fa0-4e4d-9833-86fdb702f682,commonhousefly.fast,available,35.98,,42,1,15,namecheap,,
18afa68c-236e-496b-b134-2f968bd18658,manybodyproblem.fast,available,35.98,,64,1,17,namecheap,,
18e0cb65-3761-4114-8c82-0d47893347a0,vendors.fast,premium,53.92,53.92,56,12,7,namesilo,,
18e70131-9c38-45e2-9043-cbea77494014,hides.fast,available,29.49,29.49,50,5,5,namesilo,,
18ec4321-754c-42a9-ae2b-c2541059a22a,leavewellalone.fast,available,35.98,,68,1,16,namecheap,,
1924812b-4008-42fb-beb4-5fbf18ed2bfc,bedamned.fast,available,35.98,,38,1,9,namecheap,,
19647774-6f40-4274-9d08-e9b7c49bc8d8,thereaway.fast,available,35.98,,58,1,10,namecheap,,
197e6edc-cad2-46ed-9e0d-5e1fcd452b2c,gooutonalimb.fast,available,35.98,,60,1,16,namecheap,,
1996e24c-3f10-4ef3-90c6-2415a285428b,daydreamed.fast,available,35.98,,62,1,10,namecheap,,
19a62e78-29ef-4309-9326-8f09e6ea0b3d,jewels.fast,available,35.98,,80,15,6,namecheap,,
19b5ee2f-0559-4225-b02e-8b02ad49bc7e,getover.fast,premium,62.5,,79,4,8,name.com,,
19b75e96-d4bc-4721-944d-4ce1b76bbcdc,pardonme.fast,available,35.98,,62,4,9,namecheap,,
19cc1dbd-64a4-435f-a783-c0127d208f88,axes.fast,available,35.98,,36,10,4,namecheap,,
19e2fd5f-03ca-403a-9ac4-5d01aaaf05b2,exclamations.fast,available,35.98,,50,2,12,namecheap,,
19ff4690-cb36-4fde-9f17-f4ee23425f79,webcontent.fast,available,35.98,,78,5,11,namecheap,,
1a093e8a-7468-40d5-a64d-bb4caefd4047,letwellalone.fast,available,35.98,,47,1,14,namecheap,,
1a1bd887-5ba8-4878-81a1-5b77cfee5323,requirements.fast,premium,62.5,,56,9,12,name.com,,
1a2d61e2-ea5b-4a9c-a21d-1f7a684aed2a,nowonder.fast,available,35.98,,78,3,9,namecheap,,
1a3c5f72-b1cf-4ad9-a581-59f4b8b1e7c9,Lordhavemercy.fast,available,35.98,,54,2,15,namecheap,,
1a82cab7-4184-468b-8cde-006fcc5ff83c,requests.fast,premium,62.5,,56,10,8,name.com,,
1a86e340-d27a-45cf-a60b-34be17f1d6fc,update.fast,resell,,,88,29,7,"NameCheap, Inc",30/10/2025 14:13,30/10/2026 14:13
1a8831ed-609d-49b9-9eec-ddb83861e20a,biases.fast,available,29.49,29.49,42,3,6,namesilo,,
1a8dc9ee-565e-4b4d-a2e6-94bab1c051b1,SpiritofGod.fast,available,35.98,,63,2,13,namecheap,,
1a8e5b4c-bdbb-4a64-9521-97b591f72ce3,gothroughwith.fast,available,29.49,29.49,58,1,15,namesilo,,
1aa8e460-c588-4d07-a912-da23d38eaf37,gowiththeflow.fast,available,35.98,,82,7,16,namecheap,,
1ada1f61-407d-4ce8-8154-cde1eeeee713,sockyarn.fast,available,35.98,,64,1,9,namecheap,,
1adb735b-7290-4c04-8ccf-ddc577c7875e,notices.fast,premium,53.92,53.92,48,6,7,namesilo,,
1ae0b4ef-290a-480b-9f51-c3ce76acd790,extends.fast,premium,62.5,,54,5,7,name.com,,
1ae5b721-a669-43c7-bc94-e490356a0393,minimums.fast,available,29.49,29.49,52,2,8,namesilo,,
1aeeeaa3-3d28-404a-ae2d-7fcc8d5f391a,windmills.fast,available,35.98,,61,5,9,namecheap,,
1b42652c-9149-441f-ad8f-642bbae690d3,gobonkers.fast,available,35.98,,70,1,10,namecheap,,
1b9b21d3-cdc7-43f1-82b4-77284a074b36,fellowfeel.fast,available,35.98,,72,1,10,namecheap,,
1bac7bad-8c0a-4a93-9d75-eb39e617fafa,negotiations.fast,premium,62.5,,56,6,12,name.com,,
1bad6c61-3a2d-4c82-b132-5502d8fa7afb,aquestionof.fast,available,35.98,,52,1,13,namecheap,,
1bb3e40a-ac14-408d-be2a-580382df2433,RedSox.fast,available,35.98,,72,60,7,namecheap,,
1bed50df-c19f-434c-9cd1-7f0e411e02a2,owns.fast,premium,312.5,,56,8,4,name.com,,
1c0555db-7ef0-4753-899b-16853c962773,exchanges.fast,premium,62.5,,50,11,9,name.com,,
1c2003c0-46f2-4b6f-ba10-cdcc074c3033,toexcess.fast,available,35.98,,55,0,9,namecheap,,
1c4066d4-8399-47eb-b334-9b84db6e4b24,leaveon.fast,available,35.98,,80,1,8,namecheap,,
1c44bd22-2439-4f0c-94ba-6ee2554ce16a,blazeaway.fast,available,35.98,,76,1,10,namecheap,,
1c47123e-c17f-4b50-978f-3444e425fa09,Trumpcare.fast,available,35.98,,63,3,10,namecheap,,
1c4ad2ac-e3cc-43ba-a117-3c98951f256d,extras.fast,premium,62.5,,56,11,6,name.com,,
1c51be43-b9c9-4c78-b183-86cce72570de,tattooing.fast,available,35.98,,68,5,9,namecheap,,
1c54b39f-940d-4255-834d-afe53bf349b9,farms.fast,premium,116,118.8,54,16,5,namesilo,,
1c6dba90-e8b3-45b2-9102-60b5b584b21e,TyphoidMary.fast,available,35.98,,59,1,12,namecheap,,
1c6e49c1-66af-4252-8df6-fcd05916ea7e,hospitals.fast,premium,53.92,53.92,64,10,9,namesilo,,
1c6fc06f-b238-486c-812f-6681b9e5159f,deepfried.fast,available,35.98,,74,6,10,namecheap,,
1c881d86-9235-42dd-b577-b42ca4ea118f,jaguars.fast,available,29.49,29.49,62,9,7,namesilo,,
1c9049f2-3539-4be1-bd9d-1d4faf458d61,guns.fast,premium,312.5,,68,22,4,name.com,,
1c9f1288-ef8d-4752-a762-4cbd9b6420b3,receptions.fast,available,29.49,29.49,53,4,10,namesilo,,
1cd75c61-33c5-4e6d-bc55-90e2f48023c6,setapart.fast,available,35.98,,72,8,9,namecheap,,
1ceae73c-c318-4772-a8f2-4987a4b4f53f,communities.fast,premium,62.5,,68,19,11,name.com,,
1cf64dfc-aa98-4dbf-9ec4-592f094687b4,prototypes.fast,available,29.49,29.49,56,9,10,namesilo,,
1cfa7e76-e87c-4bbf-a454-a35cff5e4752,IChing.fast,available,35.98,,68,14,7,namecheap,,
1d05def2-f61b-4d95-a487-0cb4d2921cf9,grands.fast,available,29.49,29.49,66,8,6,namesilo,,
1d51c336-d871-4012-92d4-d6bbad49e521,intheway.fast,available,35.98,,70,3,10,namecheap,,
1d73b8c5-077e-44a4-b54d-d62deede5cd4,getmedieval.fast,available,35.98,,70,1,12,namecheap,,
1d7f949b-8b6d-483f-8f96-0a79f575a6a2,lostandfound.fast,available,35.98,,64,19,14,namecheap,,
1d88279d-7285-4ea9-95de-87973e0533d9,basedon.fast,available,35.98,,50,4,8,namecheap,,
1daf95cd-a88b-4909-928c-fa2ef4a4b2b4,Iamadoctor.fast,available,35.98,,50,1,13,namecheap,,
1db2bbeb-5a38-490c-bc43-1179b6deed22,boats.fast,premium,125,,52,24,5,name.com,,
1dbbcd4b-ca95-4ba6-9125-34f08a7914a0,splints.fast,available,35.98,,63,1,7,namecheap,,
1dc4e5a6-72b6-4518-afb7-a58da59185e1,putitthere.fast,available,35.98,,54,1,12,namecheap,,
1dcc5a8e-ad9b-40ed-b929-1414e80b4599,hillclimbing.fast,available,35.98,,68,2,13,namecheap,,
1df159ba-c623-4ccb-ad16-30d03613b0cb,plays.fast,premium,125,,56,16,5,name.com,,
1dfe30f7-0505-4fbf-9293-d8b2ef7eb8fd,dogsick.fast,available,35.98,,90,1,7,namecheap,,
1e047ce4-08df-4d41-9459-5ed738b63703,alcoholics.fast,available,29.49,29.49,38,4,10,namesilo,,
1e1dbf2e-8aae-4341-896d-1c5fdf7eccb0,makehistory.fast,available,35.98,,86,4,12,namecheap,,
1e399c3c-c385-4a19-b252-e895de05b072,relationships.fast,premium,62.5,,48,12,13,name.com,,
1e3b1f18-53d5-4da3-b115-13b93d319e34,talked.fast,premium,62.5,,62,6,6,name.com,,
1e7a6a5d-bf34-4346-a70c-a66876702f85,poems.fast,premium,125,,58,9,5,name.com,,
1e8309ec-eae5-4c51-a851-59dba48f1d61,cometogripswith.fast,available,35.98,,62,1,18,namecheap,,
1ead31b7-43f2-4481-b704-0e21d48bfee5,prettier.fast,available,35.98,,62,5,8,namecheap,,
1ec58636-80c5-4605-bf3e-717b661a50c7,deepdiving.fast,available,35.98,,76,2,11,namecheap,,
1ef263a5-b515-432a-9615-e7985cf4aec8,compilation.fast,premium,625,,68,7,11,name.com,,
1f13a101-93b0-45df-8e74-09d136f72751,cometolife.fast,available,35.98,,80,3,12,namecheap,,
1f2e3343-82a7-4229-8dc4-6785dd63736a,adjectives.fast,available,35.98,,50,3,10,namecheap,,
1f637f56-e943-4c5e-bc66-4262f99b3603,seemed.fast,premium,62.5,,58,4,6,name.com,,
1f916360-af4b-4347-8af1-7d121e1762ed,gosteady.fast,available,35.98,,70,3,9,namecheap,,
1fa1990b-d692-4301-9e11-b44d52972ffc,goodcheer.fast,available,35.98,,60,2,10,namecheap,,
1fa6f8dc-c212-45f7-bbc5-f9505df571b7,getovertheline.fast,available,35.98,,69,1,17,namecheap,,
1fab8bd9-cf09-40e1-987a-38d3b97b8a92,goaround.fast,premium,62.5,,74,4,9,name.com,,
1fc31090-935d-49f4-bd67-d646718b52a2,letsomethingride.fast,available,35.98,,67,1,18,namecheap,,
1fd45326-a15c-4484-9fd0-6d869b32c356,generalstores.fast,available,29.49,29.49,50,2,14,namesilo,,
1fe62c5f-aee0-4b9a-914d-674d511fa9d5,commonsalt.fast,available,35.98,,72,1,11,namecheap,,
2006d2a6-357b-48c1-aac0-36aca4876c27,waitforit.fast,available,35.98,,43,4,11,namecheap,,
200e2f6e-3284-4437-8323-19fa275d98ea,dogstooth.fast,available,29.49,29.49,76,1,9,namesilo,,
200f1045-a257-4867-b7e7-5e186e0bea4c,comewith.fast,available,35.98,,72,3,9,namecheap,,
20103f40-29cb-49ee-9b9b-c78b2b14262d,echoes.fast,available,29.49,29.49,56,24,6,namesilo,,
20195b14-2e1f-4031-9571-f99f6bc9292a,serves.fast,premium,62.5,,54,7,6,name.com,,
203a8ab3-859d-4bb3-9ead-b2963b912b55,seconded.fast,available,35.98,,53,2,8,namecheap,,
205c6a3d-8907-49e6-a04d-dc26f5d5016e,takeout.fast,premium,125,,75,16,8,name.com,,
207390f7-0a9c-4bc7-b15f-a321d9f62ebc,endconsumer.fast,available,35.98,,68,1,12,namecheap,,
20aa20e4-5941-4be8-ab7c-619e50adf519,WorldWarIII.fast,available,35.98,,48,3,13,namecheap,,
20bbcad9-0559-41b3-bc6e-65ca6f31a808,relocations.fast,available,29.49,29.49,54,5,11,namesilo,,
20bfb24a-985b-4a85-8b46-3c42241a7d10,behaviours.fast,available,29.49,29.49,54,3,10,namesilo,,
20ec56f2-d948-4cde-8a56-014fd2199341,Ryan.fast,premium,350,350,60,44,4,namecheap,,
2111cdc5-d26a-4181-aabc-6ac5e0d766d5,insofaras.fast,available,35.98,,56,0,12,namecheap,,
2125b050-c09a-43d1-8f10-da333184f3a9,alotof.fast,available,35.98,,60,5,8,namecheap,,
21294a00-2cd3-4f93-bf3e-0a2bc6a452fc,smirks.fast,available,29.49,29.49,46,3,6,namesilo,,
2131c8bd-2c94-4e89-836a-a7705f6b02a3,ladiesandgents.fast,available,35.98,,68,2,16,namecheap,,
2137cf61-6e94-4955-8914-667ec1207526,norms.fast,available,35.98,,45,7,5,namecheap,,
2155e45b-f93c-46aa-bd58-d7dd5a1e9e86,modernschool.fast,available,35.98,,48,2,13,namecheap,,
218afad3-8576-47c5-9f6e-971c597ac125,gettosecondbase.fast,available,35.98,,47,1,18,namecheap,,
218c3325-b30f-46c0-831b-e97c5397bd36,highseas.fast,available,35.98,,74,6,9,namecheap,,
2199c548-5726-48e3-a8de-2f31fd7940f9,goingbad.fast,available,29.49,29.49,46,1,9,namesilo,,
21a2835e-bdde-4b3a-8176-5947f99a47a3,penandpaper.fast,available,29.49,29.49,64,7,13,namesilo,,
21bdd474-2842-4b69-a1a6-450048dc8975,feellike.fast,available,35.98,,74,3,9,namecheap,,
22100a86-3eef-439e-a6c0-9fa370f38504,cutthrough.fast,available,35.98,,74,6,11,namecheap,,
22109b0e-97bf-4b89-ae9d-7249cf880098,thanksbe.fast,available,35.98,,60,1,9,namecheap,,
221409c5-664f-4ef2-8940-7dfbfa679879,Ihaveatoothache.fast,available,35.98,,50,1,18,namecheap,,
2219a1e8-5c2e-42b6-9f46-f7367c66c779,cuddles.fast,available,29.49,29.49,71,10,7,namesilo,,
2234b22e-c6ce-48a0-8bf6-858e318fbf93,midbreak.fast,available,35.98,,70,1,12,namecheap,,
2239cf94-f933-4a26-96c9-1ef387b7b499,risks.fast,premium,116,118.8,43,10,5,namesilo,,
223a6423-d519-47d1-a517-7e5c4ac34837,trussmember.fast,available,35.98,,50,1,12,namecheap,,
223bdf3f-92f8-4d44-ac27-a56eec5f2b9f,coulduse.fast,available,35.98,,56,1,9,namecheap,,
225b9b82-5a0e-4d08-8ae7-ec6cbb576046,profitability.fast,available,35.98,,76,8,13,namecheap,,
22643b95-bfbd-41f4-ab71-a7d156453971,pairofshades.fast,available,35.98,,65,0,14,namecheap,,
227039ea-4e41-44e7-9777-99781238a677,restaurants.fast,premium,625,,57,21,11,name.com,,
22a39127-88eb-4eaf-918e-519678315378,matches.fast,premium,62.5,,64,13,7,name.com,,
232cedfe-121e-4e10-b327-49920d216083,notebooks.fast,premium,53.92,53.92,56,9,9,namesilo,,
234ec7af-50de-410b-bda7-ea5e8829de57,backs.fast,available,35.98,,56,5,5,namecheap,,
2352fb22-c9be-4547-8192-00a866e4ed07,velocities.fast,available,35.98,,52,4,10,namecheap,,
23541352-02aa-4c6e-ac27-96928f95e2e0,magicians.fast,available,29.49,29.49,60,8,9,namesilo,,
237c86d0-8d47-49a8-8223-0b25809b61d4,proxyvoting.fast,available,35.98,,62,2,12,namecheap,,
238946e6-1543-4aa3-95b3-e3139843ff1d,states.fast,premium,62.5,,70,16,6,name.com,,
238f5020-58a9-4a5b-8ec5-e6ccb48ce56a,units.fast,premium,125,,56,16,5,name.com,,
23c4e6bd-371e-475d-8082-650977bbc3ca,elects.fast,available,29.49,29.49,56,4,6,namesilo,,
23c92ccf-e846-44b5-9fc6-fdcaf6412296,communityservice.fast,available,35.98,,72,5,17,namecheap,,
23e45ff4-5837-4d41-9091-34812c8d30b4,stints.fast,available,35.98,,52,3,6,namecheap,,
2441f15b-6c41-4d34-a242-4a757802b7a7,AcademyAward.fast,available,35.98,,76,1,13,namecheap,,
244a8e12-ab1f-492a-bdb7-073509680a0b,makeitmakesense.fast,available,35.98,,50,7,18,namecheap,,
244aa15d-8bbe-461c-87ba-89e6f8fe291f,missionimpossible.fast,available,35.98,,68,5,18,namecheap,,
251eb478-ffe7-4f60-b9a7-3924b2bd8de9,Acup.fast,available,35.98,,80,5,5,namecheap,,
2521205a-86d0-47c8-8d64-408f1965efeb,actions.fast,premium,62.5,,54,15,7,name.com,,
254689b4-80c5-42f4-a908-3967705f1272,keypresses.fast,available,29.49,29.49,54,0,11,namesilo,,
2552a506-79b4-4662-82d1-ad23a96de219,treatof.fast,available,35.98,,72,1,8,namecheap,,
25875c96-9307-44c4-a8a3-0a6faab1fed1,Iputittoyou.fast,available,35.98,,50,1,15,namecheap,,
258e9670-e909-4215-9460-a6bca1f3119a,overrated.fast,available,35.98,,60,6,10,namecheap,,
25afaba5-bb69-49e9-a6b7-f17ea07595e7,gothrough.fast,available,35.98,,70,2,10,namecheap,,
25cda858-73a1-4027-808f-ceecfcace883,gettogether.fast,available,35.98,,82,8,12,namecheap,,
25d1a7ac-2733-42fd-8594-b6d528176dab,prayed.fast,available,35.98,,62,4,6,namecheap,,
25e76ff5-f6b8-4783-83f6-a70bb87fbe72,turnedback.fast,available,29.49,29.49,53,1,11,namesilo,,
25f6e580-c589-4776-a46f-70dbbfa56705,desktoppublishing.fast,available,35.98,,66,3,18,namecheap,,
260db578-8197-4f28-a9bc-a8295ac2ddd2,children.fast,premium,62.5,,68,21,8,name.com,,
2644b513-d228-4a2c-a074-26056d3b74c3,fellowhumanbeing.fast,available,35.98,,44,1,18,namecheap,,
264d4d8c-7c61-42cf-a431-814ec18a840c,Iwish.fast,available,35.98,,58,12,6,namecheap,,
26538cd3-30f4-4f5a-9da8-b7ab465a51e4,costeffectiveness.fast,available,35.98,,64,1,18,namecheap,,
2656c2fd-bb5d-4c72-9eba-b1a19eb7162d,prowlers.fast,available,29.49,29.49,40,2,8,namesilo,,
26791632-5ccd-4355-a22f-8c0506b38ed3,noticable.fast,available,29.49,29.49,52,1,9,namesilo,,
2684f46b-5350-4928-b33a-7e6cb8df9bb6,relics.fast,available,35.98,,52,7,6,namecheap,,
26af5762-b4ff-417b-a5a4-94267796afa7,fruitvinegar.fast,available,35.98,,50,1,13,namecheap,,
26cc250e-db8c-4efd-893b-0f731bde4aab,proteins.fast,premium,62.5,,52,8,8,name.com,,
26de4d64-c78b-446b-81de-c26bcc26e053,manualworker.fast,available,35.98,,42,0,13,namecheap,,
26e634a5-f1b0-4841-8bdf-9492112b38f0,getoffwith.fast,available,35.98,,76,1,12,namecheap,,
26fabdd8-1c1e-4614-9d8f-28f233c9e6ef,estatebottled.fast,available,35.98,,56,0,14,namecheap,,
2719dc35-e4f2-42fa-a6a9-a86320d1df81,waited.fast,available,35.98,,58,3,6,namecheap,,
271d8f9f-3b2f-4083-a1ca-ace346db5c6d,Amazons.fast,available,29.49,29.49,60,12,7,namesilo,,
272eac2f-48ae-4fe8-9c66-52908b8b8db4,patientcare.fast,available,35.98,,79,8,11,namecheap,,
2738d7eb-1287-4903-9833-5f8823957623,heavymetal.fast,available,35.98,,70,15,11,namecheap,,
27474ddb-4e4b-4d52-8d10-595d93452502,owning.fast,available,29.49,29.49,52,7,6,namesilo,,
274fa000-3dd6-4419-bdac-c19b1196fa2a,billofrights.fast,available,35.98,,70,3,14,namecheap,,
27675b5a-4b1d-4dc5-b2d9-b277241758df,BRAS.fast,premium,350,350,70,13,4,namecheap,,
27777e03-4863-4a09-bdbc-24f4aa3a5699,difficulties.fast,premium,62.5,,70,3,12,name.com,,
279ce3b0-3d1c-42ee-9191-f157a4b8c709,gobananas.fast,available,35.98,,74,7,10,namecheap,,
27c908a5-c4e7-493f-ab48-709dcf0592f2,racetrack.fast,premium,62.5,,77,10,10,name.com,,
27e7e88d-8e31-48c8-b63f-b47140a83a62,provides.fast,premium,62.5,,56,5,8,name.com,,
27f3ff30-656b-42ef-8b48-ff061e7d6fe5,communitycolleges.fast,available,29.49,29.49,54,2,18,namesilo,,
27fa75ad-f706-4038-bf36-1e094b54d941,peed.fast,available,35.98,,54,4,4,namecheap,,
28493c57-c1c3-43e2-8d71-c65e78ef91b1,textures.fast,available,35.98,,50,9,8,namecheap,,
285921a6-41ad-43ab-a9d4-c6692809ad4e,midDecember.fast,available,35.98,,80,1,12,namecheap,,
288a62f0-95fd-4576-9e3d-2eade1e4bee9,clearstuff.fast,available,35.98,,70,1,11,namecheap,,
28a381ac-a227-4722-beae-a8da4d272b05,CountyofRussell.fast,available,35.98,,42,1,17,namecheap,,
28ae3ef3-bdaf-4c7b-a62b-b6daaf648da4,shrugs.fast,available,29.49,29.49,50,2,6,namesilo,,
28d5ab55-703f-4658-9b63-c74f8b4fcd56,dowithout.fast,available,35.98,,68,1,10,namecheap,,
292e2c9f-366b-41cf-962c-6e7ca40e2246,divinejudgment.fast,available,35.98,,47,1,15,namecheap,,
2935c805-3c01-4f65-91aa-6df36ded96c6,primarycare.fast,available,35.98,,81,11,12,namecheap,,
2935d75c-efb7-4f2e-b90b-39f0d7e850b2,havea.fast,available,35.98,,60,7,6,namecheap,,
295a2208-f515-4661-bad2-e979df56aadb,swishing.fast,available,35.98,,74,3,8,namecheap,,
295a6191-19fb-41b2-a5b5-7a12ffeeef77,puts.fast,premium,312.5,,58,7,4,name.com,,
298a78e3-b6b2-4144-978a-72362087b08f,aspertheusual.fast,available,35.98,,40,1,16,namecheap,,
29d10a78-4162-44bb-99e0-918a1698c2bf,manytomany.fast,available,35.98,,68,2,12,namecheap,,
29e95038-8416-460a-a367-4d5d927a90c7,backtoback.fast,available,35.98,,72,5,12,namecheap,,
29ef5788-118a-49c4-8af1-216518a9fcfa,Imissyou.fast,available,35.98,,58,7,10,namecheap,,
29f444d7-a209-424e-bb34-b72f62ff3810,shoveover.fast,available,35.98,,59,1,10,namecheap,,
2a07b35a-4f64-4eaa-bcbe-61c6a3cdc24a,officemanager.fast,available,35.98,,49,5,14,namecheap,,
2a0a70b9-c3cd-46fe-8980-cec65f30887b,somuchso.fast,available,35.98,,50,1,10,namecheap,,
2a49fa8c-d353-44bc-a12b-42d9296e2054,gobackto.fast,available,35.98,,76,2,10,namecheap,,
2a7e1cd6-0a2b-4501-9172-f1d1fd43635e,partwith.fast,available,35.98,,68,1,9,namecheap,,
2a972b7d-92c7-426d-9845-ec4e77b4745f,fundamentals.fast,premium,62.5,,74,15,12,name.com,,
2a97d0aa-6f52-4f4b-8bed-a9efa448aacc,thereyouare.fast,available,35.98,,46,3,13,namecheap,,
2a9a2c3b-7aaf-4ef7-9e9e-a7394a0bdd00,demonstrations.fast,available,29.49,29.49,48,4,14,namesilo,,
2a9cb0ff-fab5-4f16-af6b-3025f80f91cc,OpiumWar.fast,available,35.98,,52,1,9,namecheap,,
2aadfa6c-fcf9-468f-9ebb-de36d6d0369e,tapon.fast,available,35.98,,48,5,6,namecheap,,
2b46739f-bbdd-4fd1-83e0-2a6660fcf984,comeoutin.fast,available,35.98,,70,1,11,namecheap,,
2b618e2d-779f-45fa-b2d3-f548faf23d7a,inunison.fast,available,35.98,,72,4,9,namecheap,,
2b761250-0efe-447a-afa4-6bdf7ad64ece,devoured.fast,available,29.49,29.49,40,3,8,namesilo,,
2b815b71-c2d0-4acf-9a3a-74827a4c05be,rioted.fast,available,35.98,,44,1,6,namecheap,,
2b8739c5-2ac3-45c7-9144-4de85cc53d88,goround.fast,available,35.98,,68,3,8,namecheap,,
2b8e3198-2046-464f-b0a8-241d6f7013bd,Catholicism.fast,available,35.98,,74,6,11,namecheap,,
2b9ce883-0631-4db3-bfa0-516f5a2abaa2,precursors.fast,available,29.49,29.49,50,2,10,namesilo,,
2ba8874c-a0da-4357-aae9-cc295ccde59b,pertained.fast,available,35.98,,52,1,9,namecheap,,
2bc40f67-2ac1-46e2-a56e-f4bfb180fab0,CyberMonday.fast,premium,140,138.6,78,10,12,namecheap,,
2be76ab7-6a7b-4468-95ba-7c67de9df362,Xrays.fast,available,35.98,,52,5,6,namecheap,,
2bee22ac-d6d8-48d6-a7d6-bd3b76889668,deaths.fast,premium,53.92,53.92,50,6,6,namesilo,,
2c23d052-b176-4a3b-b162-70e3f0285d33,yielded.fast,available,35.98,,56,3,7,namecheap,,
2c2b4541-7999-45f1-a3a6-485d1318bc79,matcha.fast,available,35.98,,86,39,6,namecheap,,
2c2cc983-4c6a-446a-8a92-6a4da01d8f8c,deeplearning.fast,available,35.98,,74,23,13,namecheap,,
2c383052-c377-456d-bd1e-fc63f8b90d51,whips.fast,available,35.98,,52,7,5,namecheap,,
2c3b0e66-133d-48b7-9232-0c7defeea8fb,CountyofJefferson.fast,available,29.49,29.49,44,0,19,namesilo,,
2c3b77a3-da84-447a-a766-a29d8aac9237,roastbeef.fast,available,35.98,,80,4,10,namecheap,,
2c45122d-4a5f-46bb-b8a9-1b5557febb31,makeknown.fast,available,35.98,,78,4,10,namecheap,,
2c59b7f0-8874-45cc-ad7d-81060273ca2b,gonumbertwo.fast,available,35.98,,40,1,13,namecheap,,
2c6228bd-5537-4bc1-aebb-dec70e9a19ca,letitbeknown.fast,available,35.98,,75,1,15,namecheap,,
2c66c442-d560-4c77-8803-5a4e261499e4,decidedness.fast,available,29.49,29.49,74,1,11,namesilo,,
2c8e6897-9b07-4f64-9337-a6140d884fb2,havethefloor.fast,available,35.98,,64,1,14,namecheap,,
2c929ebe-95c4-4e90-b7e0-36845c0a12e8,brosbeforehos.fast,available,35.98,,38,1,15,namecheap,,
2ca14faf-8812-4e0e-9043-2d6b5a41d0c0,conflicts.fast,premium,53.92,53.92,66,5,9,namesilo,,
2cbe3d9d-94df-4a6e-b0f2-9cdc09ec269f,waxpaper.fast,available,35.98,,66,2,9,namecheap,,
2cc23694-5b79-4273-a3cf-1d531cc06630,officestaff.fast,available,35.98,,57,2,12,namecheap,,
2cde9601-64ca-419d-81cb-538fcc17b2fe,ifyouwill.fast,available,35.98,,61,2,11,namecheap,,
2ce38d78-ef9d-47d8-bb77-220b46ebe59d,pairofhands.fast,available,35.98,,64,1,13,namecheap,,
2d22093c-2167-486a-a913-08d18ff7538f,spillover.fast,available,35.98,,68,4,10,namecheap,,
2d28f367-f0b7-4b15-bceb-ad7ea12d08d4,commonrun.fast,available,35.98,,68,1,10,namecheap,,
2d2f375d-48d7-46a4-9769-9e6649b33c32,inblossom.fast,available,35.98,,56,1,10,namecheap,,
2d3d7569-76d8-41a5-96b9-745e563a1afc,shares.fast,premium,62.5,,58,18,6,name.com,,
2d4ae417-050d-4ba3-bcf4-0b440bb3ffd2,priests.fast,available,35.98,,58,4,7,namecheap,,
2daf9f2f-1e97-4301-9d63-ab29b48c0d84,suits.fast,premium,125,,61,13,5,name.com,,
2dba55c1-bca2-4304-923b-fb5d5fd777d9,collars.fast,available,29.49,29.49,58,6,7,namesilo,,
2dda020b-90c2-4436-8a6b-2f4323fea7ef,steponit.fast,available,35.98,,75,2,10,namecheap,,
2df2e183-1e6e-4c5d-ad74-84b907802e11,breastmilk.fast,available,35.98,,74,4,11,namecheap,,
2df9188c-1878-4afa-bcb3-dd1890fadc95,additions.fast,premium,62.5,,58,4,9,name.com,,
2e025528-34f8-464b-be54-e1bc6e08bec0,Ihavecancer.fast,available,35.98,,44,2,13,namecheap,,
2e254916-738e-4cac-8f7a-3b5901472b13,blewup.fast,available,29.49,29.49,44,1,7,namesilo,,
2e2ed3b2-4106-4a85-9cc1-27ae622d274d,getonwithit.fast,available,35.98,,51,4,14,namecheap,,
2e36f3d5-3a77-4db2-9eec-d9d2a7bf7b63,breastfeeds.fast,available,29.49,29.49,56,1,11,namesilo,,
2e3df67e-d48f-4403-8e70-bbc9c0699287,snapped.fast,available,35.98,,52,6,7,namecheap,,
2e3ec15c-9fdc-4cc5-9594-6e6cdd2dfee3,cometoahalt.fast,available,35.98,,62,0,14,namecheap,,
2e4fdf76-ec80-4558-a5c0-78187b9415e3,goneover.fast,available,29.49,29.49,50,1,9,namesilo,,
2e8aaa1f-8de7-4df5-9d11-f60d5320d98b,coffeemakers.fast,available,29.49,29.49,62,3,12,namesilo,,
2eaa7a9a-11eb-4ff6-8533-677d6bd77b1c,prettywell.fast,available,35.98,,60,2,11,namecheap,,
2eb59586-e110-43eb-9e30-bd272462aab8,advertisements.fast,premium,62.5,,54,7,14,name.com,,
2ecc24b4-01c8-4650-a5f6-2f3a6f4ea3ee,walked.fast,premium,62.5,,60,5,6,name.com,,
2eefb091-8040-459b-8379-bdd8d734d520,razorburn.fast,available,35.98,,60,1,10,namecheap,,
2ef0a1b0-a921-46c4-baf1-e057147f463c,slowcookers.fast,available,29.49,29.49,55,2,12,namesilo,,
2f02d19c-e862-4317-8024-a85dee40ff23,labels.fast,premium,62.5,,56,16,6,name.com,,
2f0d7183-804c-4793-b9a8-c836af47d1b2,disappointment.fast,available,35.98,,50,4,14,namecheap,,
2f2193af-83ca-4a8d-954e-92d8f7be7090,whynot.fast,available,35.98,,74,39,7,namecheap,,
2f2209aa-8662-4951-bdf2-3c8da4fd30f5,tended.fast,available,29.49,29.49,50,7,6,namesilo,,
2f5134c8-0623-4f2e-b68e-d1260fffb543,macandcheese.fast,available,35.98,,72,4,14,namecheap,,
2f51c6bc-ee2a-48e6-be51-4ef7e4ba6d0f,becalled.fast,available,29.49,29.49,86,2,9,namesilo,,
2f54d86a-2ee9-4cbe-8523-77f195316dc9,inmyview.fast,available,35.98,,48,2,10,namecheap,,
2f639f98-b5be-4caa-8055-e3d414a90b06,hats.fast,premium,312.5,,65,15,4,name.com,,
2f66a5ec-f20a-4fa0-8a2f-5f34f7ba07f2,spellingbook.fast,available,35.98,,48,1,13,namecheap,,
2f69c142-2ab3-4772-af79-1e388c70ebe7,amplifiers.fast,available,35.98,,56,4,10,namecheap,,
2f726793-3d94-4a40-a4f7-65b3b7f7832b,goforit.fast,available,29.49,29.49,76,11,9,namesilo,,
2f8b09e8-0a12-43a0-8248-1f6eea3720fb,nontoxic.fast,available,35.98,,74,7,9,namecheap,,
2f9d5670-faa6-4841-9e42-b6aec3d1d02c,washes.fast,available,29.49,29.49,54,3,6,namesilo,,
2fa69961-6ca3-4a68-b859-465c17c39f56,lunchtimes.fast,available,29.49,29.49,60,1,10,namesilo,,
2fabfaac-39ae-48d2-8b26-ab82efdce4cd,opens.fast,premium,116,118.8,60,11,5,namesilo,,
2fba6f6c-04ad-443b-8aa5-5a0a45b03baa,electricalpolarity.fast,available,35.98,,59,0,19,namecheap,,
2fd80a92-7aa1-4bea-a8de-6e732cafc7ff,genericterm.fast,available,35.98,,68,0,12,namecheap,,
2fe192a8-8dd9-476f-9a2d-d157d5811c55,managed.fast,premium,62.5,,58,20,7,name.com,,
2fea8265-2f18-4e89-9038-15062618bae5,SouthTyrol.fast,available,35.98,,66,6,11,namecheap,,
2ff59fc4-251a-481c-9ed7-f752eca818cc,likeso.fast,available,35.98,,52,1,7,namecheap,,
3016cdd2-621c-4835-9b4d-90a1836f333d,plateout.fast,available,44.99,,65,1,9,name.com,,
3020bdfc-36fc-4742-806a-f3d431c01748,grandefinale.fast,available,35.98,,70,2,13,namecheap,,
30564224-e055-4490-94b8-dbe0336518fe,waitup.fast,available,35.98,,63,2,7,namecheap,,
307c7cb5-3e5f-4876-8160-bbbb82113cfc,makers.fast,premium,53.92,53.92,62,67,6,namesilo,,
308d4b35-e47d-41ed-a1d7-8a8b8e52a12e,predilection.fast,available,35.98,,70,2,12,namecheap,,
30a9e432-aa59-4584-8401-0b2a7d4ffb13,gotowards.fast,available,35.98,,68,1,10,namecheap,,
30b5932a-322c-4558-991e-373e166760b9,objected.fast,available,29.49,29.49,48,2,8,namesilo,,
30b841a5-7ad9-42d3-be75-879810a8ab60,keephouse.fast,available,35.98,,70,2,10,namecheap,,
30c08fc0-0082-4d89-8dd5-58ab8f14b0f5,workingorder.fast,available,35.98,,64,1,13,namecheap,,
30d19718-9d1d-47a4-bb31-ad560874ecb1,observations.fast,premium,62.5,,56,6,12,name.com,,
30f13e2b-95c4-4744-bb4e-0dd62dc4ac0a,inwithashout.fast,available,35.98,,60,1,15,namecheap,,
311ed32a-4ffe-44e9-be9c-fea7b7d9c6ff,getupto.fast,available,35.98,,74,2,9,namecheap,,
312553ff-fc0a-4dbe-bb9a-918a3c00cc21,demonstrated.fast,premium,62.5,,68,3,12,name.com,,
313d1b52-e6fc-4f97-8170-e535936a4bdb,ofan.fast,available,35.98,,44,4,5,namecheap,,
315bee0c-b2c4-4355-9cdf-c77aaf6405e6,randoms.fast,available,29.49,29.49,48,8,7,namesilo,,
3177222c-d472-43c9-921a-e0ae2f0c0630,ventured.fast,available,35.98,,60,6,8,namecheap,,
3199f303-d16c-4db3-9cee-1d5adead7b75,scratches.fast,available,35.98,,60,4,9,namecheap,,
319ae6f3-5dd9-40bd-a9d9-1cbda1aa7e6a,somuchfor.fast,available,35.98,,46,0,11,namecheap,,
31b47d0c-613b-44ed-9bc6-ad072392b2ae,getupandgo.fast,available,35.98,,70,3,13,namecheap,,
31be9f5f-27e6-4e51-9968-8d784780e291,uploadability.fast,available,35.98,,60,1,13,namecheap,,
31e1c70b-b6c3-40bc-8b53-2a5208619d3e,massagetherapy.fast,available,35.98,,76,8,15,namecheap,,
3228039b-18d5-4688-a0ae-bb98e40f8e6d,officedesk.fast,available,35.98,,55,5,11,namecheap,,
32368e6c-1fc9-436b-a16a-009ffbed87d6,attachments.fast,premium,53.92,53.92,58,6,11,namesilo,,
324ca695-286d-45b7-9b8c-a67408a4a033,getstuckin.fast,available,35.98,,72,2,12,namecheap,,
32589959-edaf-4dc7-a488-948c77932b63,outlets.fast,premium,53.92,53.92,56,10,7,namesilo,,
3258e33b-5f42-4701-ba16-e05778fae6bf,inyourdreams.fast,available,35.98,,40,3,14,namecheap,,
3260ba17-4e42-4796-8830-560b37fa6b69,clipontie.fast,available,29.49,29.49,56,1,11,namesilo,,
326782f5-19d5-491c-8b1f-5c3276b187bb,economyclass.fast,available,35.98,,66,3,13,namecheap,,
3277cbf1-2cbf-494d-9812-a167c3f1130b,races.fast,premium,116,118.8,60,8,5,namesilo,,
32a74e2c-5080-4ee9-962e-1a95895126cb,mutualaid.fast,available,35.98,,78,9,10,namecheap,,
32b396a4-d6f2-48e5-932a-abf030c10ff5,pairoftongs.fast,available,35.98,,65,0,13,namecheap,,
32df4fbd-e7b9-4166-8141-79a9a33db1b9,comeonstrong.fast,available,35.98,,66,2,14,namecheap,,
32edec99-46e9-4da2-824b-f8e9ada44d27,havenoneofit.fast,available,35.98,,56,1,15,namecheap,,
33069305-4377-43bd-b85c-ca1790aeaf94,senses.fast,available,35.98,,63,13,6,namecheap,,
33227f6f-07ee-407f-ba27-b9c09e313536,opinions.fast,premium,62.5,,62,11,8,name.com,,
33320303-9eed-4a79-8191-4cf389632724,gocrazy.fast,available,35.98,,72,5,8,namecheap,,
3340fa6c-fff5-4c6d-ae0e-814b1555489c,fitthebill.fast,available,35.98,,84,1,12,namecheap,,
334524c2-3633-4448-b008-6351f8d316f6,hears.fast,available,35.98,,48,4,5,namecheap,,
33621ff4-ad36-4909-8257-0f29d77839cd,nailed.fast,available,35.98,,58,6,6,namecheap,,
336782d2-61a2-45ab-bc02-f87f34d59dab,massages.fast,premium,625,,61,10,8,name.com,,
336eac13-b1ff-4f84-8c19-1a9c2c61df6a,movesouth.fast,available,35.98,,49,1,10,namecheap,,
3371b6a7-f811-4955-b241-3a944605ae71,carbonmonoxide.fast,available,35.98,,54,4,15,namecheap,,
337454ee-b024-4873-9ba2-a0b1b01ad0d8,citizens.fast,premium,62.5,,60,19,8,name.com,,
3375927f-5a89-47d6-8c77-4054b6555b2b,GrandMarnier.fast,available,35.98,,70,3,13,namecheap,,
33a82ffe-2895-4be2-b517-4afa41c88d68,gotobatfor.fast,available,35.98,,42,1,13,namecheap,,
33a8eba1-017b-4430-86d7-29c3a012d4bd,cuttherug.fast,available,35.98,,76,1,11,namecheap,,
341171ad-0d52-4df7-9cbb-cbf8e7b53a39,pricecut.fast,available,35.98,,68,5,9,namecheap,,
3430ca44-ebc0-4103-8d7a-163d994dd2e8,seperately.fast,available,35.98,,48,1,10,namecheap,,
343c7c2c-9c52-4a9c-890f-5501729f6299,inchargeof.fast,available,35.98,,49,1,12,namecheap,,
34476b75-a0fe-4198-ace5-68becb2c17f0,FinalJudgment.fast,available,35.98,,54,2,14,namecheap,,
344a4335-38a7-4634-a7e1-173b77b5e108,traps.fast,available,29.49,29.49,68,7,5,namesilo,,
34599731-2c30-41e7-a702-82e23d7202b1,grassrootsdemocracy.fast,available,35.98,,66,1,20,namecheap,,
3471d840-afb5-4d44-9fc9-18cc94d331d4,gaslit.fast,available,44.99,,64,6,6,name.com,,
3491643c-6802-428f-8b20-e20e78a1b191,coffeemaking.fast,available,35.98,,72,2,13,namecheap,,
3492d878-1519-43cf-97ac-a1488e1a040f,herbbutter.fast,available,35.98,,80,1,11,namecheap,,
34975d14-8b8f-4be1-9529-1a9ec9cb1175,lordmayor.fast,available,35.98,,76,1,10,namecheap,,
34a6a8dc-b8fa-43bf-b139-6b13cb9c1820,dusts.fast,available,29.49,29.49,52,3,5,namesilo,,
34a6c5fb-6aec-4435-b219-75b2d869cb7a,slipby.fast,available,35.98,,64,1,7,namecheap,,
34b69e10-eee7-4eaf-aa23-7916756fe860,pops.fast,available,29.49,29.49,74,24,4,namesilo,,
34e0d493-a526-4804-9636-83b086824aa9,majoritycouncil.fast,available,29.49,29.49,48,1,16,namesilo,,
34e4e5b9-5d66-45d3-86eb-82895663488f,stackup.fast,available,35.98,,64,11,8,namecheap,,
34e9c4a7-7fc1-4613-b403-b44849541f69,slipped.fast,available,35.98,,70,3,7,namecheap,,
3513da4c-0236-456c-8a6f-5c9ccfbd22de,blueberries.fast,available,35.98,,70,9,11,namecheap,,
352444ba-914d-485c-b67b-1d60f6d627c0,distinctions.fast,available,29.49,29.49,62,3,12,namesilo,,
355357c4-feaa-4d17-98cd-209b849a30a2,scallops.fast,available,35.98,,52,3,8,namecheap,,
35563248-019e-4094-9ac5-05ff96ef8ff8,faintest.fast,available,29.49,29.49,56,1,8,namesilo,,
35bd85ff-f7de-4983-a57c-55def4a970b4,commonnouns.fast,available,29.49,29.49,54,0,12,namesilo,,
35bfcb15-b466-48e5-9c50-572c10e60df8,conducted.fast,premium,62.5,,54,2,9,name.com,,
35d10cdc-336f-4fb6-b9ce-9bef4c976e7e,insummation.fast,available,29.49,29.49,50,1,12,namesilo,,
35f313a2-9f93-4ed2-9d23-78b93e98b906,portholes.fast,available,29.49,29.49,46,2,9,namesilo,,
35f9e43b-20c6-498f-9aa0-d209d6cd56dd,menus.fast,premium,116,118.8,54,14,5,namesilo,,
3604286a-1d7e-4226-ba1c-017fb1df1a97,likecrazy.fast,available,35.98,,72,1,10,namecheap,,
3609cfaf-cbaa-4c88-aecf-ed51244fa1c1,keepwith.fast,available,35.98,,48,2,9,namecheap,,
361164b0-4e52-45c7-b6f3-d2df08260b82,relied.fast,available,29.49,29.49,50,3,6,namesilo,,
361b8540-ce96-4839-88d5-6002612334a5,myGod.fast,available,35.98,,74,9,6,namecheap,,
363ded21-a085-4ab3-a316-b6b65e49669a,postbox.fast,available,35.98,,72,17,8,namecheap,,
364b4d65-40da-432e-889b-8b334d66b390,Vehicles.fast,premium,70,70,49,13,8,namecheap,,
365f8bb7-9e18-4e80-af66-39eba5b99423,requisitions.fast,available,35.98,,54,1,12,namecheap,,
3692bcf3-6c83-4f8c-bc6c-0ceeccbea4e4,cometoanend.fast,available,35.98,,62,1,14,namecheap,,
36b146cd-d547-4070-b339-e559c8b79dc0,lookouts.fast,available,35.98,,52,3,8,namecheap,,
36b494a6-5da0-48c6-b91f-7737440cde85,smiths.fast,available,29.49,29.49,50,16,6,namesilo,,
36e82ccb-ade4-4fcf-a654-0175cfee07e3,tirades.fast,available,35.98,,46,1,7,namecheap,,
36ea7b3c-386f-4665-8af8-0a09659242b7,decidence.fast,available,35.98,,74,1,9,namecheap,,
36ebaec7-285e-4234-b832-0e810d71bdf6,Henri.fast,available,35.98,,66,15,5,namecheap,,
36ec6bb3-5599-4e5a-ad7c-90c02193e86e,wouldof.fast,available,29.49,29.49,55,1,8,namesilo,,
3713c8d0-c1d1-44eb-8ab4-49acd28437ef,blogs.fast,premium,116,118.8,52,21,5,namesilo,,
37181c70-4adc-45ce-8227-8551e4cc12a0,tells.fast,premium,125,,62,7,5,name.com,,
37509eb7-67cd-42a6-9af8-cb3b4e36bfde,lunchboxes.fast,available,29.49,29.49,60,4,10,namesilo,,
375c67c0-3aeb-4369-b6a5-96c690ca0621,worlds.fast,premium,62.5,,62,17,6,name.com,,
37615e48-e25c-4de3-867d-b9b95a1ef15e,paced.fast,available,35.98,,49,5,5,namecheap,,
37620ca5-f58e-4ec4-925f-9ad71816207d,pulls.fast,available,35.98,,52,6,5,namecheap,,
37742812-97be-43da-9eca-b11c1d10d34e,rides.fast,premium,125,,56,15,5,name.com,,
378b4c54-5e5c-4d79-897f-a7756e14b049,keepclear.fast,available,35.98,,58,2,10,namecheap,,
378f5e01-2e8f-4a4e-b0c4-e2a0419d80c9,midmorning.fast,available,35.98,,80,1,11,namecheap,,
37978033-97a1-4e32-83fe-466d1111aef4,todolist.fast,available,35.98,,73,12,10,namecheap,,
37a2a5a5-6c6a-4316-b8a8-6f1a403e187d,newsletters.fast,premium,62.5,,63,15,11,name.com,,
37b08b41-a656-4cfc-9c08-cdd9b4addb11,equalization.fast,available,35.98,,74,1,12,namecheap,,
37c376e1-a998-4b4c-894b-1a81897c2e21,chiefsofstate.fast,available,29.49,29.49,42,1,15,namesilo,,
37dcee90-9c61-4e51-8759-04b1bcd0aaaf,letoneoff.fast,available,35.98,,77,1,11,namecheap,,
3803b47f-4734-4f6f-9252-536da4dd603b,indoor.fast,premium,62.5,,72,15,6,name.com,,
38363446-f4cf-4231-9e6c-248d122701cc,keyset.fast,available,29.49,29.49,52,3,7,namesilo,,
3847c005-031f-466d-8985-248c62336cc5,flaxcotton.fast,available,35.98,,56,0,11,namecheap,,
38499a10-c764-4bd2-9ae9-ada5949daf23,rakeover.fast,available,35.98,,66,1,9,namecheap,,
385d5a20-0ada-4928-93d6-5dd04948e378,seekers.fast,premium,53.92,53.92,58,15,7,namesilo,,
388ee88f-681e-488d-975a-9d730eb9fa19,sqmi.fast,available,35.98,,54,2,5,namecheap,,
388f90e5-f99a-4853-8cd1-d89a3fadf8ab,Ineedaguide.fast,available,35.98,,50,1,14,namecheap,,
38967936-d4ac-4016-862c-95ccf0559838,secondarycare.fast,available,35.98,,69,1,14,namecheap,,
38d165b6-3eea-4a0f-adf4-913888ca3f05,turnedoff.fast,available,35.98,,42,1,10,namecheap,,
38d28472-668e-4f73-b85b-a459ea017aa7,makeoneselfclear.fast,available,35.98,,70,1,18,namecheap,,
38e4a05d-d700-4fd4-83fe-7f9c195fa079,keepin.fast,available,35.98,,72,6,7,namecheap,,
38eb27ab-7fd1-40b5-9937-ddef8d476a99,prints.fast,premium,62.5,,54,18,6,name.com,,
38ecf577-a02b-452c-98dc-46ab673487c3,lodged.fast,available,35.98,,60,2,6,namecheap,,
38f4b7d1-df25-4b0d-975f-d067033db888,pickover.fast,available,35.98,,62,1,9,namecheap,,
38f97609-724c-40cc-a5b0-75a2970369cc,drops.fast,premium,125,,52,25,5,name.com,,
391fd47c-e398-43d8-83de-d325dd63914c,chickpeas.fast,available,29.49,29.49,62,3,9,namesilo,,
3927166c-91ee-43b0-92a3-97af77737fcf,generalsofthearmy.fast,available,29.49,29.49,48,1,20,namesilo,,
3928b672-f796-48fa-99f7-34f81287f4b6,openings.fast,premium,62.5,,62,9,8,name.com,,
392cc142-21a4-4e75-920b-d0798c45e368,Mikey.fast,available,35.98,,70,21,5,namecheap,,
394dd33f-437f-418b-84ee-5aef0aea4a76,divorcing.fast,available,35.98,,46,6,9,namecheap,,
395a2073-7477-41f2-a74f-3cf5daba45eb,keepbooks.fast,available,29.49,29.49,52,2,10,namesilo,,
396de92c-4eb2-4b20-9cd5-e1165e9bb9aa,fundamentalism.fast,available,35.98,,58,2,14,namecheap,,
39829a4f-fd90-48d5-b3b6-f7687370e506,promised.fast,premium,62.5,,76,6,8,name.com,,
39955c27-d992-4f4d-a2f1-7a4312ac9f00,speakers.fast,premium,62.5,,66,12,8,name.com,,
39c0ae24-6d44-46ed-a23a-8917e42b8147,flashmemory.fast,available,35.98,,76,2,12,namecheap,,
39cd25f0-3007-4723-9692-c0b6997668ec,studies.fast,premium,62.5,,72,13,7,name.com,,
39dd0357-0f88-45c8-98c8-56058cded4f1,insuchaway.fast,available,29.49,29.49,44,1,13,namesilo,,
3a07511e-f1c5-4db1-a2ce-0a06f51f34b5,wears.fast,available,35.98,,62,7,5,namecheap,,
3a0865cd-89c4-4ae9-a41c-03df84e66b8e,launchsite.fast,available,29.49,29.49,60,7,11,namesilo,,
3a424631-6844-42dd-94e4-2f3194373751,usualoffice.fast,available,35.98,,57,0,12,namecheap,,
3a56f32c-7403-431c-986d-73175c118415,eachtime.fast,available,29.49,29.49,56,2,9,namesilo,,
3a68daad-6cb7-4f2a-a861-1e0205db5c8b,divineintervention.fast,available,35.98,,68,6,19,namecheap,,
3a71e728-40c5-4b68-a423-4e4164b6012c,surprises.fast,available,29.49,29.49,64,4,9,namesilo,,
3a855060-fccf-4cf2-9439-cffc5dcd01e4,roommates.fast,premium,53.92,53.92,58,14,9,namesilo,,
3a880da7-5b64-4cc4-89dc-7b301d496a88,CountyofKings.fast,available,35.98,,54,2,15,namecheap,,
3a8ad40a-abdd-45a2-aa0d-b955a65cba1f,placeanorder.fast,available,35.98,,72,0,14,namecheap,,
3a94eacb-5164-404f-bbe1-16f7f6acf4b2,prettiest.fast,available,35.98,,62,4,9,namecheap,,
3aa0dc3b-ccfb-4533-9162-d3916e64bfce,advantages.fast,premium,62.5,,64,5,10,name.com,,
3aa3b10c-49d9-4db6-8f42-712ba60f574f,getsomeair.fast,available,35.98,,77,1,12,namecheap,,
3aa602ce-eb4f-48a2-ad95-2c94c6a30e26,twentythree.fast,available,35.98,,65,7,12,namecheap,,
3ab456e2-552f-4f13-8a54-bf4aca5f2fa6,fasttimes.fast,available,35.98,,80,3,10,namecheap,,
3acb42a0-86a2-431f-bcb3-2c3b009affbd,wished.fast,available,35.98,,66,4,6,namecheap,,
3acbc76d-f6a8-4ccb-bbc6-3dcc7480660c,havenosympathy.fast,available,35.98,,54,1,16,namecheap,,
3af818c1-73e8-4d62-8f75-71246f32206c,quitting.fast,available,35.98,,54,4,8,namecheap,,
3b2084d7-061e-4c38-a25f-8b3957f265c2,throws.fast,premium,53.92,53.92,52,5,6,namesilo,,
3b3a571a-0d1f-4643-8ffc-6c8381ab2252,paperingover.fast,available,35.98,,53,1,13,namecheap,,
3b5c88cf-59c0-4015-a55f-55de2595430d,payoff.fast,available,35.98,,70,8,7,namecheap,,
3b5ce425-4505-49da-9a1a-4935b1b5adea,tips.fast,premium,312.5,,80,26,4,name.com,,
3b6db9d8-21aa-409c-ad57-26623e327f3f,makeone.fast,available,35.98,,76,4,8,namecheap,,
3b8d2f9b-393e-4e4b-947c-fc68bf0cc145,alcoholproblem.fast,available,35.98,,30,1,15,namecheap,,
3bb08296-7800-4206-bb04-19c732b12d70,dogsbodies.fast,available,29.49,29.49,76,1,10,namesilo,,
3bdae6af-e970-4076-a460-33b970823058,makeme.fast,available,35.98,,56,13,7,namecheap,,
3be6f44b-73d9-4c7c-be12-d2ecdd0786e7,letoneselfgo.fast,available,35.98,,72,0,14,namecheap,,
3bfeb9eb-6be3-4a75-9ceb-73ce93cc707c,getlucky.fast,available,35.98,,84,10,9,namecheap,,
3c09bed0-10c8-40b4-84ff-0c02d8635bd7,accountof.fast,available,35.98,,72,1,10,namecheap,,
3c3eb443-d12a-4947-81c7-ce8a83682d8d,bros.fast,available,35.98,,58,19,4,namecheap,,
3c57da1c-9e4e-4e7f-9017-75e599b978ac,gorogue.fast,available,35.98,,64,4,8,namecheap,,
3c6164e9-17e6-4dcd-8aa5-cf61ea94cd7d,divinejudgement.fast,available,35.98,,47,1,16,namecheap,,
3cc8f33f-19a4-4932-8e70-153c9548206e,shouts.fast,available,35.98,,47,5,6,namecheap,,
3cd7f8f4-526b-48d0-a847-f88f18a673aa,feelupto.fast,available,35.98,,50,1,10,namecheap,,
3ceb5774-0368-42de-8ec6-a07e036483fa,letthematterdrop.fast,available,35.98,,47,1,19,namecheap,,
3cec1190-0dcf-42cf-bafb-d1422e8abde7,comeof.fast,available,35.98,,74,1,7,namecheap,,
3d32ecea-f89b-417d-92f7-d6a18c64ca8d,filed.fast,premium,125,,48,7,5,name.com,,
3d55608e-1aef-4951-baf1-9ed951f3e490,farmers.fast,premium,62.5,,54,59,7,name.com,,
3d8a14e6-ce5f-440c-8555-5bae9ca15a5d,failures.fast,premium,62.5,,46,5,8,name.com,,
3d8a6342-2924-4e2d-85e5-23c4727e1ec2,Tests.fast,premium,350,350,49,21,5,namecheap,,
3d9f1e1a-33ac-4af3-bee5-75fda1abfff4,thrilly.fast,available,35.98,,71,2,7,namecheap,,
3da323ee-f617-4370-8e0f-cf8dc53113c6,breastaugmentation.fast,available,35.98,,66,5,19,namecheap,,
3dbeae8a-4e4e-4618-ab31-85e0c8b5d8d5,gotosleep.fast,available,35.98,,72,3,11,namecheap,,
3dbff018-5811-444d-a442-75b575134a1b,alters.fast,available,35.98,,52,6,6,namecheap,,
3dd4fc2d-411e-4b4d-b45f-1d57c05ff7b2,thundered.fast,available,29.49,29.49,49,2,9,namesilo,,
3dd5c1e6-708b-45a6-9f98-9fc34ada6c0f,updates.fast,premium,53.92,53.92,54,15,7,namesilo,,
3e0d78e9-ea98-4086-b1e5-d621e549b931,cheeseit.fast,available,35.98,,54,2,9,namecheap,,
3e394263-d86b-44f4-838e-959c6c4df9a8,getstraight.fast,available,35.98,,77,1,12,namecheap,,
3e56cc6e-296d-479e-8636-92f02b9c6c07,partitioned.fast,available,35.98,,48,2,11,namecheap,,
3e6a81e9-0b7e-4c97-90f2-bb487f3e96c7,roastpork.fast,available,35.98,,76,1,10,namecheap,,
3e7076f2-65bc-4e0d-b839-a801652788f1,doesone.fast,available,35.98,,52,0,8,namecheap,,
3e771c7c-d5d1-4578-8189-33a6ab1740bc,reprimanded.fast,available,29.49,29.49,42,1,11,namesilo,,
3e8d2dc9-4421-46db-ba9b-12598c3f0fc7,proxymurder.fast,available,35.98,,36,1,12,namecheap,,
3e94bbfe-964b-451a-b050-82bf51551367,inlaws.fast,available,35.98,,56,2,7,namecheap,,
3ec7f370-4d86-4b5e-8cf8-571c1d6abedd,lentils.fast,available,29.49,29.49,56,4,7,namesilo,,
3ed13f42-cef4-479e-987c-d3efa822eef2,overstatement.fast,available,35.98,,54,2,13,namecheap,,
3ef910e0-d79e-407a-8806-888102e9b367,lunchmoney.fast,available,35.98,,78,7,11,namecheap,,
3f26d141-114c-441e-9f41-f830c0ab0545,diehards.fast,available,29.49,29.49,48,3,8,namesilo,,
3f31dc89-f414-44a8-b7e8-624b3c7110e8,errors.fast,premium,62.5,,46,11,6,name.com,,
3f378fbb-230d-497b-a887-9f37714a445e,asperyourrequest.fast,available,35.98,,48,1,19,namecheap,,
3f489168-4e2d-483e-b959-9384b82eda48,commonknowledge.fast,available,35.98,,72,5,16,namecheap,,
3f4f6ab6-dabf-40c8-beb6-a1ca23339a06,informs.fast,available,35.98,,62,6,7,namecheap,,
3f64ade2-9fb0-46a6-bf1c-dedb3c806949,inthelongterm.fast,available,35.98,,60,1,16,namecheap,,
3f73d242-cb1a-4a82-bc5d-51b2bd563d85,thickens.fast,available,29.49,29.49,48,1,8,namesilo,,
3f7ec462-c147-4663-9fcd-d68d1f19761b,replaces.fast,available,29.49,29.49,55,3,8,namesilo,,
3f92abee-4fbe-474e-b47b-575bca6287ba,makefirstbase.fast,available,35.98,,42,1,15,namecheap,,
3f98bca9-cdfd-4b89-a7d8-499347930e0d,PennStation.fast,available,35.98,,63,3,12,namecheap,,
3fa2af1c-795a-4dfc-8054-27cfaaed6684,Jim.fast,premium,700,700,78,28,3,namecheap,,
3fa83b07-1dbe-4868-8894-678e5ee91b99,MerryXmas.fast,available,35.98,,70,4,10,namecheap,,
3faa1dc2-1eb0-4fff-83a2-627620d85086,stabilization.fast,available,35.98,,66,3,13,namecheap,,
3fb7188d-1c1e-4f75-a409-f8133d672688,alcoholpoisoning.fast,available,35.98,,48,1,17,namecheap,,
3fc6cc3a-9723-4109-93dd-d1fb521e2142,Idodeclare.fast,available,35.98,,58,2,12,namecheap,,
3fca7673-77c3-4e2c-a973-d51fb9b57376,smarted.fast,available,35.98,,53,5,7,namecheap,,
3fce192f-9990-449c-b3d6-f44635e20eff,fires.fast,premium,125,,46,10,5,name.com,,
3fdd54b6-cd0f-4426-8b28-4830d3fe4b90,sucked.fast,available,35.98,,54,4,6,namecheap,,
3ff50ca2-a772-4764-b845-7be277822fd1,herbalmedicines.fast,available,35.98,,52,2,16,namecheap,,
400a77b0-caf0-4031-90fd-61229cba0731,estateforlife.fast,available,35.98,,60,1,15,namecheap,,
4045b62f-a983-435c-8462-06762968de4a,thanksaton.fast,available,35.98,,62,1,12,namecheap,,
40a68dff-36bd-48a3-86b4-b5a4ed8fc7c2,keeptabson.fast,available,35.98,,70,1,12,namecheap,,
40afa486-6ab8-48c6-9ad6-f9c4d13b5bb4,overeasy.fast,available,35.98,,68,8,9,namecheap,,
40ba63ec-e7e5-45a4-8576-45f312968a29,getthenod.fast,available,35.98,,77,2,11,namecheap,,
40e2d68c-b521-4b93-a2d0-f84594f42926,breakingnews.fast,available,35.98,,66,19,13,namecheap,,
40e584ce-a1d7-4405-b298-87655e16c7d3,photocopying.fast,available,29.49,29.49,68,2,12,namesilo,,
40ef0f25-d650-441a-bfb3-5deca3a7135d,getofflightly.fast,available,35.98,,70,1,15,namecheap,,
40f9a305-5441-4f74-85b9-03b82ece6cbe,computers.fast,premium,62.5,,68,19,9,name.com,,
410e4b61-a5f6-4b1e-a52f-702e6a4d5db5,getonwith.fast,available,35.98,,79,1,11,namecheap,,
414bdeca-e493-43da-9b44-07a35c39d0c9,givethegreenlight.fast,available,35.98,,54,1,20,namecheap,,
41596863-8085-4204-a8fd-f719628ce025,pastasauce.fast,available,35.98,,79,2,11,namecheap,,
4167e790-31cf-44a6-a663-bbfc204b2262,estimating.fast,available,35.98,,50,7,10,namecheap,,
416fe50e-f307-492d-959f-ae42862398a3,Cheetos.fast,available,29.49,29.49,76,7,7,namesilo,,
417daf8c-7d94-46d4-9ee0-b084ca47f05d,colleagues.fast,premium,53.92,53.92,56,5,10,namesilo,,
41837558-d886-40b5-b3ea-841488f43057,rekt.fast,available,35.98,,40,24,4,namecheap,,
419dd2d0-7972-4b29-95f2-eab8108ce91c,proportions.fast,available,35.98,,76,3,11,namecheap,,
41aeb532-4866-4305-b2c7-882698de48a2,decides.fast,available,29.49,29.49,56,3,7,namesilo,,
41bc4fe6-da52-4fca-97f9-7d34c1e827f5,neuroscience.fast,available,35.98,,80,37,12,namecheap,,
41c9a888-9c4f-4549-96d5-ba342ce95a82,gotoplan.fast,available,35.98,,66,1,10,namecheap,,
41d57c91-cc83-459d-8282-4f3f3be98eb2,gooutwithabang.fast,available,35.98,,66,1,18,namecheap,,
41f080fd-60bf-44f7-bcaf-edcb339c69ae,getthrough.fast,available,35.98,,79,2,11,namecheap,,
41f1dddc-8eba-419d-b22d-17e38e3ad895,getsick.fast,available,35.98,,72,1,8,namecheap,,
41fc4d70-ac5d-47a2-b0da-1094ad51c293,ships.fast,premium,125,,54,15,5,name.com,,
4201355d-2c72-4e56-8fcf-653977a0fe1c,wipes.fast,available,29.49,29.49,56,8,5,namesilo,,
421448ea-e460-4b67-a9f7-91f768de0e03,platearmour.fast,available,44.99,,65,1,12,name.com,,
4223b461-4bcb-461e-9e71-c5a50e7e340b,nauseousness.fast,available,29.49,29.49,58,1,12,namesilo,,
4232e30c-63de-480b-b850-9badec2307cd,inthewind.fast,available,35.98,,52,2,11,namecheap,,
4234909d-76c1-47fc-94be-f24a85aca10b,fastacting.fast,available,35.98,,72,1,11,namecheap,,
42499ca3-e899-4e25-a242-ea94a729b7f5,mosquitoes.fast,available,35.98,,42,4,10,namecheap,,
424b11d9-4c53-4643-b79e-a1a5c7fd7790,sported.fast,available,35.98,,59,2,7,namecheap,,
4250a13e-00ca-4f41-9d75-66a18fb433f4,gonuts.fast,available,35.98,,76,8,7,namecheap,,
4253ffb3-ef68-452e-b37d-75b2d11309fe,havingsex.fast,available,29.49,29.49,58,1,10,namesilo,,
425b97ac-d9d8-4050-a0c3-dac29db0e601,blazeofglory.fast,available,35.98,,72,1,14,namecheap,,
42772715-d105-4da0-b91c-672be1714bd6,therewego.fast,available,35.98,,56,2,11,namecheap,,
4288925b-10b1-4e0b-8844-4b50b8f6c191,proxybullying.fast,available,35.98,,28,1,14,namecheap,,
4289443b-b365-4e4a-9604-1af6e9787629,stretches.fast,available,35.98,,50,2,9,namecheap,,
42ca3542-ddab-42c5-817f-01b007c6155f,desktops.fast,premium,53.92,53.92,62,6,8,namesilo,,
42f110f7-d17b-449c-816c-b251eb557bbc,makesense.fast,available,35.98,,82,14,10,namecheap,,
4343ec72-73a5-4982-b04c-da9083df4a06,bedsheet.fast,available,35.98,,78,3,9,namecheap,,
4357d69b-1347-4d4a-af96-3b587388fb25,collapses.fast,available,29.49,29.49,38,1,9,namesilo,,
435a07b1-3041-4c38-9b97-86e7faea6674,intheory.fast,available,35.98,,52,5,9,namecheap,,
4361fc6e-0b16-4e5d-9d9c-d40c05ad8818,notifies.fast,available,35.98,,50,3,8,namecheap,,
43686979-d24f-4907-92b9-380527c94125,whitewater.fast,available,35.98,,82,17,11,namecheap,,
4372d7cd-2af0-4cd7-aebe-2ff6651b6e61,whitewine.fast,available,35.98,,76,6,10,namecheap,,
438f6b7c-1200-4155-91bc-8e9537c4c339,stories.fast,premium,625,,58,36,7,name.com,,
43983a71-51ee-4fb2-a7cc-f7b691d060aa,CountyofRiley.fast,available,29.49,29.49,42,1,15,namesilo,,
43af551a-daa3-4ab7-99c9-409f5e367f9c,brosbeforehoes.fast,available,35.98,,38,1,16,namecheap,,
43b2b99a-5824-4f53-bafb-cf6f7e5f68b2,getthedrift.fast,available,35.98,,66,1,13,namecheap,,
43cc91b5-3ef8-42be-b8d3-2b12ff067ee9,estatesforlife.fast,available,29.49,29.49,42,1,16,namesilo,,
43e396af-7756-4842-9579-bc45fb37ae69,swimsuits.fast,premium,125,,62,5,9,name.com,,
440434b2-48d3-424e-994f-b7679785a53c,wrists.fast,available,29.49,29.49,49,3,6,namesilo,,
44112b61-462b-400a-9f7a-e12c4b233342,clipstrips.fast,available,29.49,29.49,56,3,11,namesilo,,
44245116-d4de-4af6-97ef-bb0dadb43b62,getontheendof.fast,available,35.98,,64,0,17,namecheap,,
442e1b09-37d3-4d20-bb49-ec41e31cfe1c,resists.fast,available,35.98,,52,2,7,namecheap,,
4430529a-402d-4dd4-8b70-0425fb07a8ce,packages.fast,premium,53.92,53.92,54,13,8,namesilo,,
44467c0c-024a-43c4-b6d6-bdcc146d2dbd,GeneralTaochicken.fast,available,35.98,,70,1,19,namecheap,,
4453bb5f-8e25-4d01-a3c2-1f61cdf58d70,gonuclear.fast,available,35.98,,68,3,10,namecheap,,
4471a72e-8f2a-46f2-aeae-7b215dace595,settings.fast,premium,62.5,,52,12,8,name.com,,
447a9596-9329-47a5-a45f-65a04de21275,changeoftune.fast,available,35.98,,64,0,14,namecheap,,
44b825be-d202-4e27-afdf-a1e6d9d921de,makeupfriend.fast,available,29.49,29.49,60,1,14,namesilo,,
44d2ccd4-2043-4e79-9bdd-f9f7be5a3517,slugs.fast,available,29.49,29.49,52,6,5,namesilo,,
44ec208b-3c3e-46ec-b108-2626f17cdf03,pondered.fast,available,35.98,,54,3,8,namecheap,,
44eeb88e-a741-40c2-ac53-49d7ce313239,taxfree.fast,available,29.49,29.49,68,11,8,namesilo,,
44f0ce95-7e57-4311-91bd-b6a62b0c130e,accountsreceivable.fast,available,35.98,,62,5,19,namecheap,,
4529c682-4a89-42f8-b885-e9e3ee6a6259,moustaches.fast,available,29.49,29.49,53,3,10,namesilo,,
4534e046-f931-4f13-ba74-1ed2d7e09841,establishedorder.fast,available,35.98,,60,1,17,namecheap,,
458c5fe1-088c-471f-a912-154049907c33,temporarily.fast,premium,62.5,,62,4,11,name.com,,
459144d4-3730-469e-a159-0ba138525984,BonfireNight.fast,available,35.98,,64,1,13,namecheap,,
45fdcbae-cc3b-46e6-a73f-854a52184780,deadonarrival.fast,available,35.98,,46,2,15,namecheap,,
46058818-dfa0-4848-acbb-eb81509be562,germs.fast,available,29.49,29.49,40,5,5,namesilo,,
4617146d-5c4f-410c-88f0-f4a965afe4d4,keepsomeoneposted.fast,available,35.98,,66,0,19,namecheap,,
461fcb69-cbf2-4e1b-84aa-0f8c767ac150,tapinto.fast,available,35.98,,68,11,8,namecheap,,
46579f34-4357-477e-af14-1723141fd983,deadlines.fast,available,29.49,29.49,54,5,9,namesilo,,
46700b2b-90ed-4d8b-9708-0dee5b80b314,carrymeout.fast,available,35.98,,46,1,12,namecheap,,
467f3080-514c-492b-b4a0-fc78cc8c5dc2,deadon.fast,available,29.49,29.49,66,4,7,namesilo,,
46905b7d-1522-4282-b39e-7a7a1b158072,descriptions.fast,premium,53.92,53.92,60,3,12,namesilo,,
4693205d-7457-4f82-8868-2828f6e5cc44,grandmothers.fast,available,35.98,,68,3,12,namecheap,,
46b49170-c14b-4ba8-8d74-9274af05cf36,beans.fast,premium,125,,74,20,5,name.com,,
46c83750-4f8a-496c-b7f6-88a6596105f5,selections.fast,premium,53.92,53.92,53,6,10,namesilo,,
46cfcc4c-d98a-492b-bfb9-f341edda4251,dropabombshell.fast,available,35.98,,58,0,16,namecheap,,
46d3a575-a0d3-4386-a67f-7e5bd70fafc4,foes.fast,available,35.98,,46,6,4,namecheap,,
46fb1f55-294d-4dc6-a174-209c4169379a,looked.fast,premium,62.5,,74,5,6,name.com,,
470e759d-cdfe-4428-82d6-28a7f05ffaf1,generals.fast,available,35.98,,52,6,8,namecheap,,
47111232-d72f-4a1b-a904-a2c04224e7ff,youwish.fast,available,35.98,,60,5,8,namecheap,,
475408cb-155b-4fed-a111-32d5db054363,Icouldeatabrick.fast,available,35.98,,50,1,19,namecheap,,
47797cf5-b3a0-4225-bfa9-bc87fd0785b2,sedated.fast,available,35.98,,43,2,7,namecheap,,
478dc4fd-3c0e-4c6c-8ec3-81c9b3d2fd59,pairofspecs.fast,available,35.98,,62,1,13,namecheap,,
47cf6ad7-8118-4dad-afda-7a55f40e5edf,reflects.fast,premium,62.5,,50,6,8,name.com,,
48325fa8-7e5f-4a82-82c4-1926f10b50ac,godeep.fast,available,35.98,,74,7,7,namecheap,,
4832d701-a54a-4c93-8003-8a39952af9f3,remarks.fast,premium,62.5,,56,6,7,name.com,,
484179e4-0e48-4d5d-b2ec-0f0dc9d69791,dowell.fast,available,35.98,,76,12,7,namecheap,,
4881692c-1a6d-424d-9205-fb7b364186be,pitchdark.fast,available,35.98,,55,2,10,namecheap,,
48bb2504-e65b-4ac8-a803-2fc053f024be,keepittogether.fast,available,35.98,,68,2,16,namecheap,,
48bb8803-3d51-4fa1-8636-22cbfc9dc634,coffeeaulait.fast,available,35.98,,72,1,14,namecheap,,
48e6eb08-d45b-435d-aee6-a93e115b5e82,underprotest.fast,available,35.98,,30,1,13,namecheap,,
48fc5aa5-d9b5-4be2-94e4-377f7f4c3e22,coffeeglass.fast,available,35.98,,80,1,12,namecheap,,
4908daf8-5534-4ea9-a7a4-be3ceb8d8f15,footballers.fast,available,29.49,29.49,68,4,11,namesilo,,
4918e53a-99f9-4889-9a78-cb1d4951053c,commonleopard.fast,available,35.98,,46,0,14,namecheap,,
491bf27f-11c5-44a6-9c3b-717fd1281a5c,coffeeand.fast,available,35.98,,76,4,10,namecheap,,
491d99ef-af60-4bd5-b7d2-5008c3134ac3,monkeys.fast,premium,125,,56,13,7,name.com,,
492682f1-0e21-40ea-8fe9-ac1c71f47aad,trials.fast,premium,62.5,,48,12,6,name.com,,
49443d68-da5f-460a-9864-f1d505f66c99,privatesector.fast,available,35.98,,64,2,14,namecheap,,
495aa469-5abe-4bdb-b452-421f0587bfa4,havetheadvantage.fast,available,35.98,,46,0,18,namecheap,,
49635c1b-ad98-4786-9482-a118244ba479,butterflies.fast,available,35.98,,90,8,11,namecheap,,
49780ac1-4819-4756-a975-15c7025f6436,remembrances.fast,available,29.49,29.49,51,2,12,namesilo,,
49a0da4f-3064-4b46-86ad-d52b7cc25d1a,longfor.fast,available,35.98,,70,3,8,namecheap,,
49b43f8f-af02-4499-b1ed-b4f83895915f,finalrespects.fast,available,35.98,,42,1,14,namecheap,,
49cb6702-08fd-4293-841d-880632de24d6,gofast.fast,available,35.98,,74,15,7,namecheap,,
49e02dda-107b-4706-8749-ec3c9e428327,specks.fast,available,29.49,29.49,44,5,6,namesilo,,
49f1c527-2a1d-47fd-9126-89869eef30fa,donkeys.fast,available,29.49,29.49,46,5,7,namesilo,,
4a1c1331-02c2-4547-aa8b-43ed46304124,protocols.fast,premium,53.92,53.92,50,17,9,namesilo,,
4a23bcc2-df24-42b3-9e44-f7dcaf2b61d5,filledin.fast,available,35.98,,52,2,9,namecheap,,
4a2ef4d4-994c-4a83-b2fb-5a71fe88ed20,picks.fast,premium,116,118.8,52,19,5,namesilo,,
4a376df6-e546-43b8-b8aa-dce5be7741cd,highwater.fast,available,35.98,,66,7,10,namecheap,,
4a3b7b79-dae7-4f2d-8f55-4d0b2bded4e1,twentyseven.fast,available,35.98,,65,7,12,namecheap,,
4a6bf1d1-811b-45b8-a87b-c43aafe7ff2d,publicoffice.fast,available,35.98,,69,2,13,namecheap,,
4a6cdbff-171c-4931-825f-ad0d763dc7e9,Snickers.fast,available,35.98,,80,10,8,namecheap,,
4a713d5e-c0a0-450b-aaa2-aa35d66f1aa1,hittingthepavement.fast,available,29.49,29.49,46,1,20,namesilo,,
4a753c2a-f209-4883-84c4-82d5b88fea69,scooped.fast,available,35.98,,48,5,7,namecheap,,
4a868eb8-efc4-42f4-bba1-2773cf63e4f4,targets.fast,premium,62.5,,54,10,7,name.com,,
4aab5c5a-ea07-4040-b90d-b491f094602d,veterans.fast,premium,62.5,,56,23,8,name.com,,
4acc7c56-5cf7-452c-bccd-97d2bbdb1105,quartertone.fast,available,35.98,,70,3,12,namecheap,,
4acdfed8-24d3-4278-8c4d-04d4ed20ca2c,shareholders.fast,premium,62.5,,50,5,12,name.com,,
4ad65df9-48de-4428-bfff-0f7dbe96e0f4,designers.fast,premium,53.92,53.92,72,15,9,namesilo,,
4aef6bb3-e6ca-4cab-8967-77b400b9488c,playarole.fast,available,35.98,,68,1,11,namecheap,,
4afbbf7b-4545-4fee-8279-56481f552c80,takesteps.fast,available,35.98,,71,2,10,namecheap,,
4aff30cb-8a8f-477d-8a75-ff86bdefeb57,planes.fast,premium,62.5,,67,13,6,name.com,,
4b083c12-904f-430d-9000-558eb7b63917,stages.fast,premium,62.5,,57,12,6,name.com,,
4b0ed64c-8cab-4571-b593-e7439fda96fa,takeaways.fast,available,35.98,,56,5,9,namecheap,,
4b1c56de-0f23-49e1-a55e-a3b6ab876e8a,droppedoff.fast,available,29.49,29.49,52,1,11,namesilo,,
4b1dc1ea-84e5-4363-9c5c-242b3a0dbf05,hightech.fast,available,35.98,,83,16,9,namecheap,,
4b4f5178-92ae-4f41-871a-5cb2d0c60454,pairs.fast,premium,125,,54,11,5,name.com,,
4b531b23-2ee7-43b5-b524-4b549acf3294,puddings.fast,available,29.49,29.49,57,2,8,namesilo,,
4b7cd7bd-2e07-4a74-bd87-b8e5fbe5a446,jetlag.fast,available,35.98,,72,17,7,namecheap,,
4ba33d19-52ea-4c24-b241-2c5e1c83039c,refused.fast,premium,62.5,,50,4,7,name.com,,
4bcee688-26bd-46fb-b2dd-7f9904579643,tablespoonful.fast,available,35.98,,58,1,13,namecheap,,
4be7d2fc-4eb4-43ee-ba93-e8dc472d3046,intheprocess.fast,available,35.98,,52,1,14,namecheap,,
4c06414c-1da4-4cfc-a2ec-59b15cf3c0fd,recaptured.fast,available,35.98,,48,2,10,namecheap,,
4c0926f4-6cfe-41fa-8b37-008c80e4e104,getmoving.fast,available,35.98,,84,7,10,namecheap,,
4c1098f0-0795-4fed-85b5-87a76aa591f1,positions.fast,premium,53.92,53.92,48,7,9,namesilo,,
4c264274-43a3-4dcc-bb09-04b4af2d0c25,cupboards.fast,available,29.49,29.49,48,3,9,namesilo,,
4c3fb081-f333-40da-8dd5-0d4ece344264,quieted.fast,available,35.98,,55,2,7,namecheap,,
4c4e26f8-23be-4eba-be2c-2cec9aa1da5b,artgalleries.fast,available,29.49,29.49,57,4,13,namesilo,,
4c52830e-a2f5-4c57-a039-fcdaa5851cf2,pairofshears.fast,available,35.98,,59,1,14,namecheap,,
4c52ad88-05b7-418c-9cb9-78b0b848e85c,pours.fast,available,35.98,,46,5,5,namecheap,,
4c66812d-927c-4b8d-b4a9-a62f4ba82b36,commonweal.fast,available,35.98,,68,5,11,namecheap,,
4c7ba1de-919e-4d14-ac03-ee561548d7c8,footballs.fast,premium,116,118.8,64,5,9,namesilo,,
4c803bf0-ab92-4962-92f8-f97435b0a114,haveyoumetme.fast,available,35.98,,44,1,15,namecheap,,
4ca4547b-5f5d-469a-9216-f4b0170e9ae5,chunks.fast,available,35.98,,46,8,6,namecheap,,
4cc893df-c12b-427e-9efc-25a44c86bed0,popup.fast,available,35.98,,84,29,6,namecheap,,
4cdd2071-b82c-490c-9def-be360c02ab26,jetblack.fast,available,35.98,,82,8,9,namecheap,,
4d1d45d7-89b2-445b-bdb8-886617279644,generations.fast,premium,62.5,,56,20,11,name.com,,
4d1f1539-53c8-459c-aaa1-34952e7263a4,manystemmed.fast,available,35.98,,68,1,12,namecheap,,
4d2343e3-e51b-4cb0-8784-5ffff223adfe,intheeventof.fast,available,35.98,,46,2,15,namecheap,,
4d3b61ea-0ff6-4e78-bc57-8f0e5d25b345,calculations.fast,premium,62.5,,52,4,12,name.com,,
4d582b11-9fa0-468e-863f-4d2d4915c59d,gowithout.fast,available,35.98,,75,1,10,namecheap,,
4d5e4c35-b765-4ec1-b781-8ff55a0b3a02,eyeshadow.fast,available,35.98,,74,3,10,namecheap,,
4d6d7bbd-1c2f-4fb6-bb79-945a4a7357aa,getoveroneself.fast,available,35.98,,62,1,16,namecheap,,
4d8126ec-900c-4452-ba7f-5bbe30232293,luncheonettes.fast,available,29.49,29.49,52,1,13,namesilo,,
4dc257a0-be00-4aab-afae-b4bb882e703b,dropahint.fast,available,35.98,,78,1,11,namecheap,,
4dded4a1-39bc-4c6e-b73d-9072cedbd3ce,makeinto.fast,available,35.98,,76,1,9,namecheap,,
4e11394b-575f-459f-8612-5d356b9b2382,comeknocking.fast,available,35.98,,66,1,13,namecheap,,
4e41ed6c-8f02-4c73-91ca-5b937867e085,abided.fast,available,35.98,,70,1,6,namecheap,,
4e57fbc7-c766-40c1-b77a-32443715d9e9,bands.fast,premium,125,,52,13,5,name.com,,
4e74bebf-18b8-4cb0-83e4-a2f944002ae3,excites.fast,available,35.98,,50,2,7,namecheap,,
4e8662e9-47a8-4128-a9cb-3dc15e124e29,indanger.fast,available,35.98,,60,1,9,namecheap,,
4e940446-413b-4c99-b36f-7928199db13b,playon.fast,available,35.98,,80,14,7,namecheap,,
4ea909f0-2a50-4737-a00f-a8c9d6a6f524,advisors.fast,premium,62.5,,52,16,8,name.com,,
4ec7fbe5-c773-47a8-9aeb-2ed0ebf94896,specializing.fast,premium,53.92,53.92,52,2,12,namesilo,,
4ee706ef-1e95-4514-b59a-36d3acf60347,longterm.fast,available,35.98,,72,10,9,namecheap,,
4f17d020-7b37-402d-ad53-b44768509f71,knocks.fast,available,35.98,,48,5,6,namecheap,,
4f385eb6-cf22-406d-94bd-4002374254ab,barbecuedpork.fast,available,35.98,,58,0,14,namecheap,,
4f539f19-ca10-41fd-b000-4dcf89616605,movedown.fast,available,35.98,,70,1,9,namecheap,,
4f6e8236-14e1-4fb8-a47d-70ac4bbb2674,stayon.fast,available,35.98,,71,6,7,namecheap,,
4fc61dd1-6d63-49ad-8a4b-e11944d4f5f6,assuch.fast,available,35.98,,66,1,7,namecheap,,
4ffc3115-6e27-4c83-8272-92cce2fdf28a,demonstrates.fast,premium,53.92,53.92,56,2,12,namesilo,,
500d7bb4-f623-4ab9-886a-f5ad6e503f2c,makethedifference.fast,available,35.98,,72,3,19,namecheap,,
501a9bdd-63a3-4b12-8018-d818a1dfbdf2,bebothered.fast,available,35.98,,63,1,11,namecheap,,
501c9cda-45df-4d8f-9189-cd6d317c7565,alcoholusedisorder.fast,available,35.98,,48,1,20,namecheap,,
50499879-d0cd-4a4a-b6e0-531feff62a10,designerstubble.fast,available,35.98,,66,1,16,namecheap,,
504ad336-7d30-4b33-9b3a-5305fea8abe4,ported.fast,available,35.98,,68,3,6,namecheap,,
506bdd10-bd42-4f2d-b65f-808e45526d78,socialjustice.fast,available,35.98,,68,6,14,namecheap,,
50a4cf5d-5a60-45b6-a90e-9916941c9fdc,neckandneck.fast,available,35.98,,46,1,13,namecheap,,
50c28f3e-9f98-48a2-abf7-27567f9629e8,reservations.fast,resell,,,50,17,12,"NameCheap, Inc",12/10/2025 17:42,12/10/2026 17:42
50ea3916-00f8-4bd9-b116-8bdffc99533c,gotto.fast,available,29.49,29.49,54,6,6,namesilo,,
50eb69d0-7b31-4eee-bd90-65f3ee096f4b,flaxseed.fast,available,35.98,,80,4,9,namecheap,,
50ed772d-59cf-4711-a62c-cd62868c0d71,onfile.fast,available,35.98,,48,4,7,namecheap,,
5111833d-4e92-4f51-9373-35e881146e44,progressing.fast,available,35.98,,56,3,11,namecheap,,
5111b979-e323-4c62-ac13-9312176b26d0,stronger.fast,premium,62.5,,67,19,8,name.com,,
512da324-5c2e-48fb-a6da-a8cbc424abc4,gobackalongway.fast,available,35.98,,66,1,18,namecheap,,
5136722a-da0d-48df-84cf-2594faa8d5cd,stores.fast,premium,625,,62,20,6,name.com,,
514324e4-11b8-43c2-a922-81c4f7dff1de,stockings.fast,premium,62.5,,58,6,9,name.com,,
51542681-3d84-4199-b54c-973e35ff383e,tractors.fast,available,29.49,29.49,56,8,8,namesilo,,
515d76b6-64c9-49cc-96f9-4f0695c4249d,solutions.fast,premium,625,,56,31,9,name.com,,
516b92d6-01da-4106-9ac5-240cf7777a47,teenyweeny.fast,available,35.98,,78,2,11,namecheap,,
51722b9f-3126-47d9-95e6-b0c155ce6ade,charts.fast,premium,53.92,53.92,64,18,6,namesilo,,
51aa22a7-325a-4c1b-b386-914138dcfb31,backstretch.fast,available,35.98,,74,3,12,namecheap,,
51ac5cfb-a130-468a-ba7e-eef28c7c4e6b,securing.fast,available,35.98,,62,8,8,namecheap,,
51bdd80a-799b-4c4a-be8a-42e78b647dbb,StGeorges.fast,available,35.98,,54,6,10,namecheap,,
522bf5ca-09b2-45b5-97bd-047330bad42c,gonegative.fast,available,35.98,,66,1,11,namecheap,,
522e9ce6-36c9-480c-aa5f-35fe7905b66e,getoneselftogether.fast,available,35.98,,49,1,20,namecheap,,
5268376e-bf83-40a0-a10a-7e7c13609ed5,rakes.fast,available,29.49,29.49,50,3,5,namesilo,,
529a9913-e91f-4769-b4a4-3df967db447b,steerclear.fast,available,35.98,,80,2,11,namecheap,,
52a3e5e0-f985-4cd6-bc20-01447c9ea92b,sources.fast,premium,62.5,,48,14,7,name.com,,
52b21e0c-40ad-43c4-a12d-805278af0a8c,makewhole.fast,available,35.98,,80,2,10,namecheap,,
52b5ca7b-1e9b-4059-a496-87d50d83c809,subsequently.fast,premium,62.5,,58,1,12,name.com,,
52b72393-5afc-49a1-bf87-16871e6e6e2f,lives.fast,premium,125,,64,15,5,name.com,,
52c64764-6e00-42d8-9516-1b79368b9033,nosmoking.fast,available,35.98,,54,5,10,namecheap,,
5303ec26-f930-4bce-b761-55845ca3faf6,reservation.fast,premium,62.5,,65,19,11,name.com,,
53215097-ff49-446d-8e0b-2012c70ed996,says.fast,premium,312.5,,58,10,4,name.com,,
53260e11-6cf1-49cc-835f-45e500ce2a6b,takeabreak.fast,available,35.98,,86,8,12,namecheap,,
532faf6a-a3b9-4283-92d6-a820a9050597,knees.fast,available,35.98,,50,5,5,namecheap,,
533eacdf-dd7d-4e65-84eb-8257f962fc9d,showsup.fast,available,29.49,29.49,59,1,8,namesilo,,
5344c92c-0479-4985-abaa-4bc103a84650,tubes.fast,premium,625,,48,12,5,name.com,,
53586dde-2242-43d3-ba7e-c5e23f5982b2,letitbe.fast,available,35.98,,89,7,9,namecheap,,
535b0547-d830-4c1b-b2da-19f6061dafbe,takenotes.fast,available,35.98,,74,5,10,namecheap,,
535bfa70-a0cf-4ccd-ba3c-62a9f325f259,conveniencestores.fast,available,29.49,29.49,46,2,18,namesilo,,
5360baf6-b5f7-444f-ab88-b91edc32887f,vans.fast,premium,116,118.8,55,17,4,namesilo,,
53632ed6-25db-4c24-af97-c90c1d87d218,busoperator.fast,available,29.49,29.49,50,2,12,namesilo,,
5366baa4-da4e-4e41-9ae3-71c36e8427d3,manyandvarious.fast,available,35.98,,46,2,16,namecheap,,
53721852-3882-46e7-acf4-aa8cbbc3a1e5,distinctivefeature.fast,available,35.98,,54,0,19,namecheap,,
537f70ea-0bc4-4c30-b959-0cfc9ee6ac4c,networks.fast,premium,62.5,,60,20,8,name.com,,
538975b1-3775-4cd1-b659-4b760de8403f,surroundings.fast,available,35.98,,75,4,12,namecheap,,
539290d6-fb08-4ce9-8ddc-82b883f4fe91,dothejob.fast,available,35.98,,74,1,10,namecheap,,
53ca46c9-34f2-40a5-a15d-d8c0edf8e49a,asprovidedfor.fast,available,35.98,,40,0,15,namecheap,,
5427e14e-381f-442b-a78c-4f1eebb1faee,sanded.fast,available,35.98,,66,1,6,namecheap,,
543f54f8-6f47-4d40-a3f9-b741efbb74ad,packup.fast,available,35.98,,76,5,7,namecheap,,